Date,LIQ_Signal_Rank,LIQ_Target_500,MPC_Factor_Diff,MPC_Target_500,Fusion_Target_500,Actual_Position_500,Position_Change,Rebalance_Flag,Strategy_Return,Benchmark_Return,Cumulative_Strategy,Cumulative_Benchmark,Excess_Return,Drawdown
2023-06-19,,,1.6010485350838253,0.42,,0.5,0.0,False,-0.00605,-0.00605,0.99395,0.99395,0.0,0.0
2023-06-20,,,0.9934091091863515,0.42,,0.5,0.0,False,-0.0043974999999999995,-0.0043974999999999995,0.9895791048749999,0.9895791048749999,0.0,-0.004397500000000054
2023-06-21,,,-0.8841733488115218,0.42,,0.5,0.0,False,-0.0114495,-0.0114495,0.9782489189137336,0.9782489189137336,0.0,-0.015796650823750147
2023-06-26,,,-1.1100981673568373,0.42,,0.5,0.0,False,-0.0147895,-0.0147895,0.9637811065274589,0.9637811065274589,0.0,-0.030352526256392287
2023-06-27,,,-1.0924515132414692,0.7619047619047619,,0.5,0.0,False,0.011975500000000002,0.011975500000000002,0.9753228671686783,0.9753228671686783,0.0,-0.018740512934575904
2023-06-28,,,-1.3351701458414076,0.8095238095238095,,0.5,0.0,False,0.003281,0.003281,0.9785229014958589,0.9785229014958589,0.0,-0.015521000557514153
2023-06-29,,,-0.3844502496207921,0.6190476190476191,,0.5,0.0,False,-0.0014010000000000001,-0.0014010000000000001,0.9771519909108631,0.9771519909108631,0.0,-0.016900255635733052
2023-06-30,,,0.7032183872286668,0.47619047619047616,,0.5,0.0,False,0.0065515,0.0065515,0.9835538021793157,0.9835538021793157,0.0,-0.01045947766053057
2023-07-03,,,0.0755876034318097,0.47619047619047616,,0.5,0.0,False,0.008446,0.008446,0.991860897592522,0.991860897592522,0.0,-0.0021018184088514857
2023-07-04,,,0.06116903102846438,0.47619047619047616,,0.5,0.0,False,-0.0009234999999999998,-0.0009234999999999998,0.9909449140535954,0.9909449140535954,0.0,-0.003023377379550829
2023-07-05,,,0.23613479924409392,0.42,,0.5,0.0,False,-0.0033815,-0.0033815,0.9875940338267232,0.9875940338267232,0.0,-0.0063946538289418875
2023-07-06,,,-0.23917777483840919,0.42,,0.5,0.0,False,-0.0043159999999999995,-0.0043159999999999995,0.9833315779767271,0.9833315779767271,0.0,-0.010683054503016098
2023-07-07,,,-0.7511690620004895,0.42,,0.5,0.0,False,0.0009325000000000002,0.0009325000000000002,0.9842485346731904,0.9842485346731904,0.0,-0.00976051645134024
2023-07-10,,,-1.0552120193888008,0.7619047619047619,,0.5,0.0,False,0.0041785,0.0041785,0.9883612171753224,0.9883612171753224,0.0,-0.00562280076933197
2023-07-11,,,-0.06486459139698286,0.5238095238095238,,0.5,0.0,False,0.0036235,0.0036235,0.9919425440457572,0.9919425440457572,0.0,-0.002019674987919662
2023-07-12,,,-0.04721133087551588,0.42,,0.5,0.0,False,-0.0063735,-0.0063735,0.9856203982412816,0.9856203982412816,0.0,-0.00838030258938427
2023-07-13,,,-0.2304873961629856,0.5714285714285714,,0.5,0.0,False,0.0105115,0.0105115,0.9959807470573948,0.9959807470573948,0.0,0.0
2023-07-14,,,-0.1659068686600369,0.5238095238095238,,0.5,0.0,False,0.0009184999999999998,0.0009184999999999998,0.9968955553735671,0.9968955553735671,0.0,0.0
2023-07-17,,,0.35067629529006983,0.42,,0.5,0.0,False,-0.0041255,-0.0041255,0.9927828627598735,0.9927828627598735,0.0,-0.004125500000000004
2023-07-18,,,0.45511401971477095,0.42,,0.5,0.0,False,0.0009220000000000001,0.0009220000000000001,0.9936982085593382,0.9936982085593382,0.0,-0.0032073037109998648
2023-07-19,,,-0.5018577771431253,0.42,,0.5,0.0,False,0.0015315,0.0015315,0.9952200573657468,0.9952200573657468,0.0,-0.0016807156966333059
2023-07-20,,,-0.7123605383895562,0.42,,0.5,0.0,False,-0.0049074999999999995,-0.0049074999999999995,0.9903360149342244,0.9903360149342244,0.0,-0.006579967584352087
2023-07-21,,,-0.17895655935756616,0.42,,0.5,0.0,False,-0.0012389999999999999,-0.0012389999999999999,0.9891089886117209,0.9891089886117209,0.0,-0.0078108150045149705
2023-07-24,,,-0.03154519827729717,0.42,,0.5,0.0,False,-0.0008600000000000001,-0.0008600000000000001,0.9882583548815148,0.9882583548815148,0.0,-0.008664097703611207
2023-07-25,,,-0.16161616057203898,0.4285714285714286,,0.5,0.0,False,0.015628,0.015628,1.003702856451603,1.003702856451603,0.0,0.0
2023-07-26,,,-0.6134641685969711,0.7619047619047619,,0.5,0.0,False,-0.00030700000000000004,-0.00030700000000000004,1.0033947196746724,1.0033947196746724,0.0,-0.00030700000000005723
2023-07-27,,,-1.1785636160532982,0.9523809523809523,,0.5,0.0,False,-0.0005830000000000002,-0.0005830000000000002,1.002809740553102,1.002809740553102,0.0,-0.0008898210190000366
2023-07-28,0.05,0.026596993576865856,-1.1290307171576883,0.9047619047619048,0.026596993576865856,0.5,0.0,False,0.014089,0.014089,1.0169383269877548,1.0169383269877548,0.0,0.0
2023-07-31,0.05,0.026596993576865856,-0.08920335888327768,0.38095238095238093,0.026596993576865856,0.046596993576865864,0.47340300642313415,True,0.007294846952016071,0.006729000000000001,1.0243567364427697,1.0237813049900553,0.0005754314527144366,0.0
2023-08-01,0.1,0.039165722796764356,0.3878756619091832,0.04761904761904767,0.039165722796764356,0.046596993576865864,0.0,False,0.00011309090341105345,0.0012135,1.0244725818715092,1.0250236636036607,-0.0005510817321514594,0.0
2023-08-02,0.2,0.08317269649392238,0.8129697712065134,0.42,0.08317269649392238,0.046596993576865864,0.0125687292198985,False,-0.008548288395045412,-0.006498,1.015715094788855,1.0183630598375641,-0.002647965048709233,-0.00854828839504529
2023-08-03,0.2,0.08317269649392238,0.5383049838449916,0.04761904761904767,0.08317269649392238,0.06317269649392238,0.044006973697158024,True,0.007167596086600396,0.0058095,1.0229953303273644,1.0242792400336904,-0.0012839097063259697,-0.0014419629868923645
2023-08-04,0.3,0.16798161486607552,0.7524940536408739,0.42,0.16798161486607552,0.06317269649392238,0.0,False,-0.004487799942920534,-0.00013700000000000019,1.0184043319423133,1.0241389137778059,-0.00573458183549258,-0.005923291688402665
2023-08-07,0.45,0.401312339887548,0.9585142407957217,0.42,0.401312339887548,0.14798161486607553,0.08480891837215314,True,-0.006795436650090074,-0.005481000000000001,1.011483829820422,1.0185256083913898,-0.007041778570967772,-0.012678476985064191
2023-08-08,0.4,0.3100255188723876,-0.10014344266572439,0.42,0.3100255188723876,0.381312339887548,0.23333072502147248,True,-0.0032153353307049944,-0.0032945,1.0082315701259636,1.0151700757745443,-0.006938505648580673,-0.015853046760779588
2023-08-09,0.35,0.23147521650098232,-0.5200258793739005,0.42,0.23147521650098232,0.3300255188723876,0.09128682101516039,True,-0.004593065501814402,-0.005429,1.003600696483378,1.0096587174331644,-0.006058020949786469,-0.02037329818041833
2023-08-10,0.35,0.23147521650098232,-0.27132031542639173,0.42,0.23147521650098232,0.2514752165009823,0.07855030237140528,True,0.003190505900175009,0.001928,1.006802690426928,1.0116053394403755,-0.004802649013447402,-0.017247793408293854
2023-08-11,0.4,0.3100255188723876,-0.4249168065760549,0.42,0.3100255188723876,0.2514752165009823,0.0,False,-0.013681234166193821,-0.0140155,0.9930283870600433,0.9974271848054489,-0.004398797745405636,-0.030693056474018654
2023-08-14,0.35,0.23147521650098232,-0.15784518561127925,0.42,0.23147521650098232,0.2900255188723876,0.07855030237140528,True,-0.002133473315788475,-0.0015025,0.9909097874944301,0.9959285504602787,-0.005018762965848578,-0.03276104697283988
2023-08-15,0.15,0.057324175898868755,-0.7638857793931207,0.42,0.057324175898868755,0.2514752165009823,0.07855030237140528,True,0.005736023602082026,0.0032129999999999997,0.9965936694230323,0.9991284688929075,-0.0025347994698752263,-0.027212941509422994
2023-08-16,0.05,0.026596993576865856,-1.4276974085300247,0.9523809523809523,0.026596993576865856,0.07732417589886875,0.17415104060211356,True,-0.0013147914236253933,-0.0044185000000000006,0.9952833566136355,0.9947138197531042,0.0005695368605312945,-0.028491953590940144
2023-08-17,0.05,0.026596993576865856,0.23693997577838233,0.23809523809523814,0.026596993576865856,0.046596993576865864,0.0307271823220029,True,-0.0006254499068928429,0.000567,0.9946608567309095,0.9952778224889043,-0.0006169657579947474,-0.029099583208112345
2023-08-18,0.05,0.026596993576865856,-0.18765467988589546,0.42,0.026596993576865856,0.046596993576865864,0.0,False,-0.004981992521319436,-0.009759499999999999,0.9897054637814269,0.9855644085803238,0.004141055201103083,-0.033936601823515544
2023-08-21,0.05,0.026596993576865856,-0.6895146801672714,0.42,0.026596993576865856,0.046596993576865864,0.0,False,-0.008359580884789622,-0.0092215,0.9814319409048278,0.9764760263866004,0.004955914518227411,-0.04201248694040671
2023-08-22,0.2,0.08317269649392238,0.009140881977120069,0.42,0.08317269649392238,0.046596993576865864,0.0,False,0.008823683498812991,0.0061545,0.9900917857269976,0.9824857480909968,0.007606037636000873,-0.03355950832935395
2023-08-23,0.25,0.11920292202211755,-1.3237187031566822,0.42,0.11920292202211755,0.06317269649392238,0.05657570291705652,True,-0.004571169712413672,-0.010201,0.9855659081435728,0.9724634109747204,0.013102497168852367,-0.0379772718337289
2023-08-24,0.35,0.23147521650098232,-0.2588184296513334,0.42,0.23147521650098232,0.09920292202211754,0.03603022552819517,True,-0.005855385359290294,-0.0020914999999999996,0.9797950399544133,0.9704295037506668,0.009365536203746472,-0.04361028563153824
2023-08-25,0.15,0.057324175898868755,-0.15159447596546227,0.42,0.057324175898868755,0.21147521650098233,0.11227229447886478,True,-0.0008129217643783579,-0.00503,0.9789985432418045,0.965548243346801,0.013450299895003459,-0.044387755645575844
2023-08-28,0.15,0.057324175898868755,-1.5491377516904226,0.9523809523809523,0.057324175898868755,0.07732417589886875,0.17415104060211356,True,0.012747394252620125,0.012027999999999999,0.9914782236452485,0.9771618576177763,0.014316366027472216,-0.03220618961415889
2023-08-29,0.2,0.08317269649392238,1.1976338798454313,0.0,0.08317269649392238,0.07732417589886875,0.0,False,0.005009353671555829,0.011948,0.9964448887251335,0.9888369874925935,0.00760790123253996,-0.027358168136793592
2023-08-30,0.4,0.3100255188723876,2.3505855649710883,0.0,0.3100255188723876,0.07732417589886875,0.025848520595053624,False,-0.005401482263195786,-0.0023429999999999996,0.9910626093324325,0.9865201424308984,0.004542466901534148,-0.03261187574004498
2023-08-31,0.55,0.5986876601124521,1.5166345694457166,0.42,0.5986876601124521,0.2900255188723876,0.2268528223784652,True,-0.009807787638739941,-0.008225,0.9813424777234045,0.9784060142594042,0.0029364634640003384,-0.04209981302702559
2023-09-01,0.35,0.23147521650098232,-0.23594400198831975,0.42,0.23147521650098232,0.5786876601124521,0.2886621412400645,True,0.004425174325448326,0.005370999999999999,0.9856850892602981,0.9836610329619915,0.002024056298306598,-0.03786093771329058
2023-09-04,0.05,0.026596993576865856,-0.9772955882826191,0.8095238095238095,0.026596993576865856,0.25147521650098237,0.36721244361146976,True,0.014208985936246324,0.0141645,0.9996906748311655,0.9975940996633815,0.002096575167783943,-0.02418991730854536
2023-09-05,0.35,0.23147521650098232,0.03463712290472387,0.19047619047619047,0.23147521650098232,0.046596993576865836,0.20487822292411648,True,-0.00725714095914094,-0.005906,0.992435778688377,0.9917023089107696,0.000733469777607354,-0.03127150862798822
2023-09-06,0.15,0.057324175898868755,0.47709362429213775,0.1428571428571429,0.057324175898868755,0.21147521650098233,0.20487822292411648,True,-0.0005360896738299902,-0.0012675,0.9919037441154827,0.9904453262342252,0.0014584178812574455,-0.031790833968957766
2023-09-07,0.5,0.5,-0.27359322345857773,0.42,0.5,0.07732417589886875,0.17415104060211356,True,-0.006826084445170942,-0.0074825,0.9851329253966691,0.9830343190806776,0.002098606315991458,-0.03839991149687416
2023-09-08,0.8,0.9168273035060777,0.31997839408711737,0.42,0.9168273035060777,0.48,0.44267582410113127,True,-0.0032630800000000002,-0.0032115,0.9819183578504658,0.97987730436495,0.0020410534855157536,-0.041537689513666876
2023-09-11,0.1,0.039165722796764356,0.9944614698252058,0.42,0.039165722796764356,0.8968273035060776,0.41682730350607766,True,0.009910133634629198,0.008526,0.9916492999950596,0.9882317382619656,0.0034175617330939323,-0.03203919993299187
2023-09-12,0.25,0.11920292202211755,0.31932952744261567,0.42,0.11920292202211755,0.05916572279676435,0.8776615807093133,True,-0.000667114639649278,-5.699999999999997e-05,0.9909877562296349,0.9881754090528847,0.002812347176750163,-0.03268494075332329
2023-09-13,0.05,0.026596993576865856,-0.711655672646354,0.7619047619047619,0.026596993576865856,0.09920292202211754,0.08003719922535318,True,0.0018799671272511774,-0.0026290000000000003,0.992850780634855,0.9855774959024847,0.007273284732370322,-0.03086642024024444
2023-09-14,0.05,0.026596993576865856,-1.7336810664637756,0.9523809523809523,0.026596993576865856,0.046596993576865864,0.09260592844525169,True,0.007712870797215694,0.002827,1.0005085104268063,0.988363723483401,0.012144786943405372,-0.023391618154314342
2023-09-15,0.1,0.039165722796764356,-0.574239336808854,0.6666666666666667,0.039165722796764356,0.046596993576865864,0.0,False,0.0007663021675122382,0.0010125,1.0012752022669607,0.989364441753428,0.011910760513532681,-0.022643241034495554
2023-09-18,0.15,0.057324175898868755,0.552090227332177,0.19047619047619047,0.057324175898868755,0.046596993576865864,0.0125687292198985,False,-0.0014409051223890097,-0.0010605,0.9998324596990931,0.9883152207629484,0.011517238936144647,-0.024051519394890475
2023-09-19,0.2,0.08317269649392238,-0.7066852740412366,0.7142857142857143,0.08317269649392238,0.046596993576865864,0.0181584531021044,False,0.006948008601096455,0.0024235,1.0067793042287378,0.9907104027004673,0.016068901528270563,-0.017270620957419158
2023-09-20,0.2,0.08317269649392238,-1.3951642155145796,0.8571428571428572,0.08317269649392238,0.06317269649392238,0.025848520595053624,False,0.0030403240384464453,-0.001376,1.0098402395487949,0.9893471851863515,0.02049305436244342,-0.014282805203028492
2023-09-21,0.35,0.23147521650098232,-0.24656497380708153,0.42,0.23147521650098232,0.06317269649392238,0.0,False,-0.007317670561039783,-0.0072255,1.0024505613564954,0.9821986570997875,0.020251904256707864,-0.021495958900904943
2023-09-22,1.0,0.9820137900379085,1.0500491784347028,0.1428571428571429,0.9820137900379085,0.21147521650098233,0.14830252000705996,True,0.005224397924354546,0.008322000000000001,1.0076877619885143,0.9903725143241718,0.017315247664342448,-0.016383864419614258
2023-09-25,1.0,0.9820137900379085,0.59999721204348,0.42,0.9820137900379085,0.9620137900379084,0.7505385735369261,True,-0.004386939770024825,-0.0029874999999999997,1.0032670964696795,0.9874137764376283,0.0158533200320512,-0.020698929163230018
2023-09-26,1.0,0.9820137900379085,0.0317308353756629,0.42,0.9820137900379085,0.9620137900379084,0.0,False,-0.0026539326125402107,-0.0035045000000000002,1.00060449320327,0.9839533848581026,0.016651108345167476,-0.023297928212619334
2023-09-27,0.9,0.9608342772032357,1.226172089861148,0.42,0.9608342772032357,0.9620137900379084,0.0,False,0.00300244751202507,0.00013749999999999985,1.0036087556744093,0.9840886784485204,0.019520077225888888,-0.02036543150719161
2023-09-28,1.0,0.9820137900379085,1.4349813854977984,0.42,0.9820137900379085,0.9620137900379084,0.021179512834672787,False,0.0030771567602405334,0.0012425,1.0066970171415695,0.9853114086314928,0.021385608510076648,-0.017350942372188594
2023-10-09,0.9,0.9608342772032357,0.3612456335635785,0.42,0.9608342772032357,0.9620137900379084,0.021179512834672787,False,-0.006331753481323035,-0.005076,1.0003228597986458,0.9803099679212793,0.020012891877366434,-0.023572833963742323
2023-10-10,0.9,0.9608342772032357,0.8870845186800604,0.42,0.9608342772032357,0.9620137900379084,0.021179512834672787,False,-0.004078552098297842,-0.0064205,0.9962429908998387,0.9740158877722407,0.022227103127598014,-0.027555243030614518
2023-10-11,0.95,0.973403006423134,1.292614337439378,0.42,0.973403006423134,0.9620137900379084,0.0,False,0.0005108944991188206,-0.0011810000000000002,0.9967519659636751,0.9728655750087817,0.02388639095489342,-0.02705842635358191
2023-10-12,0.6,0.6899744811276125,-0.02078071566900186,0.6190476190476191,0.6899744811276125,0.9620137900379084,0.012568729219898378,False,0.004095160788244241,0.006481,1.0008338255302949,0.9791707168004136,0.02166310872988131,-0.023074074171932524
2023-10-13,0.6,0.6899744811276125,-0.907994900129355,0.8571428571428572,0.6899744811276125,0.7099744811276125,0.28342852529552154,True,-0.0031909991119704827,-0.00269,0.9976401656817977,0.9765367475722205,0.021103418109577166,-0.026191443933710756
2023-10-16,0.4,0.3100255188723876,-1.6138655652978466,0.9047619047619048,0.3100255188723876,0.7099744811276125,0.0,False,-0.003961146786423227,-0.0021245,0.9936883665455005,0.9744620952520033,0.019226271293497188,-0.030048842566164136
2023-10-17,0.3,0.16798161486607552,-0.9259261894922477,0.8095238095238095,0.16798161486607552,0.3300255188723876,0.3799489622552249,True,0.0006400759782801961,-0.00018600000000000005,0.9943244025988227,0.9742808453022864,0.020043557296536285,-0.02942800013018576
2023-10-18,0.5,0.5,0.17161310367671823,0.42,0.5,0.1879816148660755,0.1420439040063121,True,-0.009243927742049157,-0.0097235,0.9851329396690429,0.9648074255029897,0.020325514166053216,-0.0383998975654386
2023-10-19,1.0,0.9820137900379085,0.48089444569991224,0.42,0.9820137900379085,0.48,0.33201838513392445,True,-0.01140372,-0.011219999999999999,0.9738987594622802,0.9539822861888462,0.019916473273434043,-0.0493657158855737
2023-10-20,0.95,0.973403006423134,0.4562262482004733,0.42,0.973403006423134,0.9620137900379084,0.48201379003790845,True,-0.009859385588087312,-0.008064,0.9642967160689817,0.9462893730330194,0.018007343035962298,-0.05873838584591318
2023-10-23,1.0,0.9820137900379085,-0.8940523767177431,0.42,0.9820137900379085,0.9620137900379084,0.008610783614774409,False,-0.023717658521830234,-0.0171335,0.9414258558435352,0.9300761240601582,0.01134973178337706,-0.08106290739012656
2023-10-24,0.85,0.9426758241011313,-0.43282286097862094,0.42,0.9426758241011313,0.9620137900379084,0.008610783614774409,False,0.008823168208194515,0.006940000000000001,0.9497322145251862,0.9365308523611356,0.013201362164050545,-0.07295497084928049
2023-10-25,0.8,0.9168273035060777,-0.13360369081839063,0.5714285714285714,0.9168273035060777,0.9620137900379084,0.039337965936777186,True,0.006265715622324502,0.0075515,0.9556829664987615,0.9436030650927407,0.012079901406020777,-0.06714637032753257
2023-10-26,0.85,0.9426758241011313,-0.5025374074372171,0.7142857142857143,0.9426758241011313,0.9368273035060777,0.025848520595053603,False,0.0029054642737622533,0.004181000000000001,0.9584596692149668,0.9475482695078935,0.010911399707073333,-0.06443599743386963
2023-10-27,0.7,0.8320183851339245,0.7422219673956423,0.23809523809523814,0.8320183851339245,0.9368273035060777,0.025848520595053603,False,0.017413872367778985,0.011162,0.9751501635643399,0.9581248032921406,0.017025360272199364,-0.048144205301294596
2023-10-30,1.0,0.9820137900379085,2.1770651622965755,0.42,0.9820137900379085,0.8520183851339245,0.11065743896720681,True,0.0044721028146996085,-0.0023215,0.9795111353555709,0.9559005165612979,0.023610618794272953,-0.04388740832263438
2023-10-31,1.0,0.9820137900379085,0.9826540508853494,0.42,0.9820137900379085,0.9620137900379084,0.149995404903984,True,-0.0024534479017021575,-0.00011150000000000007,0.9771079558158388,0.9557939336537014,0.021314022162137403,-0.046233180754476244
2023-11-01,0.9,0.9608342772032357,-0.6632576563435129,0.42,0.9608342772032357,0.9620137900379084,0.0,False,-0.003251271498224596,-0.002464,0.9739311125684063,0.9534388574011786,0.020492255167227635,-0.04933413562984157
2023-11-02,0.8,0.9168273035060777,-0.9516910790147576,0.42,0.9168273035060777,0.9620137900379084,0.021179512834672787,False,-0.006979669186408636,-0.0028525,0.9671333955923278,0.9507191730604417,0.01641422253188607,-0.05596946886995657
2023-11-03,0.85,0.9426758241011313,0.21615668119959552,0.42,0.9426758241011313,0.9368273035060777,0.044006973697158,True,0.006075010987297821,0.0017395000000000002,0.9730087415967338,0.9523729490619803,0.02063579253475345,-0.05023447302099704
2023-11-06,1.0,0.9820137900379085,1.9845977583881944,0.42,0.9820137900379085,0.9368273035060777,0.025848520595053603,False,0.01731114080296254,0.008108500000000001,0.9898526329250281,0.9600952651194494,0.029757367805578694,-0.033792948253663635
2023-11-07,1.0,0.9820137900379085,1.0445997163662282,0.42,0.9820137900379085,0.9620137900379084,0.039337965936777186,True,0.0012265831935102524,0.0002485,0.9910667695286259,0.9603338487928317,0.030732920735794256,-0.03260781492254039
2023-11-08,0.95,0.973403006423134,-0.007860848252956812,0.42,0.973403006423134,0.9620137900379084,0.0,False,-0.0013478484448372393,-0.001869,0.9897309617245869,0.9585389848294379,0.031191976895148965,-0.03391171297474482
2023-11-09,0.9,0.9608342772032357,-0.8601761810664948,0.7142857142857143,0.9608342772032357,0.9620137900379084,0.008610783614774409,False,-0.002236758948866469,0.0023515,0.9875171721389792,0.9607929892522644,0.026724182886714742,-0.03607261959614361
2023-11-10,0.9,0.9608342772032357,-0.8304148624126749,0.6666666666666667,0.9608342772032357,0.9620137900379084,0.012568729219898378,False,-0.0033058315333612275,-0.0036565000000000005,0.9842526067315863,0.9572798496870636,0.026972757044522733,-0.03925920112615311
2023-11-13,0.75,0.8807970779778823,0.06856715439885379,0.4285714285714286,0.8807970779778823,0.9620137900379084,0.0,False,0.0051217681819479485,0.0034405000000000004,0.9892937204157435,0.9605733710099119,0.02872034940583157,-0.03433850947138173
2023-11-14,0.9,0.9608342772032357,0.2640267956214447,0.42,0.9608342772032357,0.9007970779778823,0.08003719922535335,True,0.0034544725700693174,0.0015575,0.9927112084366615,0.96206946403526,0.03064174440140155,-0.03100265834037841
2023-11-15,0.8,0.9168273035060777,-0.01999863209424768,0.5714285714285714,0.9168273035060777,0.9408342772032356,0.08003719922535335,True,0.007029445511785069,0.006012,0.9996894177853052,0.9678534256530399,0.03183599213226529,-0.024191144326117686
2023-11-16,0.9,0.9608342772032357,-0.9158996062729203,0.9047619047619048,0.9608342772032357,0.9408342772032356,0.044006973697158,True,-0.007350443232225707,-0.004284,0.9923412574700176,0.9637071415775423,0.02863411589247522,-0.03136377192525164
2023-11-17,1.0,0.9820137900379085,-0.14105969503586852,0.42,0.9820137900379085,0.9408342772032356,0.044006973697158,True,0.0010359792757306573,-0.000961,0.993369302447209,0.9627810190144863,0.030588283432722685,-0.03036028486724429
2023-11-20,0.95,0.973403006423134,0.4364662993500785,0.23809523809523814,0.973403006423134,0.9620137900379084,0.021179512834672787,False,0.0057286313274101,0.004143,0.9990599489528956,0.9667698207762634,0.03229012817663224,-0.02480557641883374
2023-11-21,0.9,0.9608342772032357,-1.1251825869268417,0.9523809523809523,0.9608342772032357,0.9620137900379084,0.008610783614774409,False,-0.0041749172678153534,0.00015600000000000002,0.9948889563204294,0.9669206368683045,0.027968319452124857,-0.028876932457320037
2023-11-22,0.95,0.973403006423134,-1.644411243874413,0.9523809523809523,0.973403006423134,0.9620137900379084,0.012568729219898378,False,-0.011350956164612323,-0.007057,0.9835960153885793,0.960097077933925,0.023498937454654367,-0.0399001078274408
2023-11-23,0.9,0.9608342772032357,-1.593258480813666,0.9047619047619048,0.9608342772032357,0.9620137900379084,0.012568729219898378,False,0.010279089635246404,0.007276,0.9937064869956298,0.9670827442729723,0.02662374272265755,-0.03003115497700859
2023-11-24,0.75,0.8807970779778823,-2.1256842987775872,0.9523809523809523,0.8807970779778823,0.9620137900379084,0.012568729219898378,False,-0.0074248189203973865,-0.0027034999999999997,0.9863283962696631,0.9644682360738303,0.021860160195832812,-0.037232998009731344
2023-11-27,0.75,0.8807970779778823,-0.5002653075893987,0.5238095238095238,0.8807970779778823,0.9007970779778823,0.08003719922535335,True,-0.002682041680162718,-0.0029125,0.9836830224005397,0.9616592223362652,0.022023800064274512,-0.03981517923735456
2023-11-28,0.8,0.9168273035060777,1.1868334403171026,0.04761904761904767,0.9168273035060777,0.9007970779778823,0.0,False,0.004820554967781355,0.003033,0.9884249204808948,0.9645759347576112,0.023848985723283644,-0.0351865555296389
2023-11-29,0.8,0.9168273035060777,1.4377077915824619,0.42,0.9168273035060777,0.9007970779778823,0.03603022552819535,True,-0.0052733995016023385,-0.0054245,0.9832125609978596,0.9593435925995184,0.023868968398341184,-0.040274402266848086
2023-11-30,0.4,0.3100255188723876,-0.07882178994144862,0.42,0.3100255188723876,0.9007970779778823,0.0,False,-0.0035554460667787014,-0.0019735,0.9797168017650523,0.9574503280195233,0.022266473745528925,-0.04368665486849532
2023-12-01,0.25,0.11920292202211755,-1.1917935891286657,0.8095238095238095,0.11920292202211755,0.3300255188723876,0.6068017846336901,True,0.006284677061931699,0.0061985,0.9858740054762943,0.9633850838777523,0.02248892159854199,-0.03767653432432805
2023-12-04,0.1,0.039165722796764356,-0.20066423193398275,0.5238095238095238,0.039165722796764356,0.13920292202211754,0.19082259685027006,True,-0.0016540874723821172,-0.0017865000000000001,0.9842432836344888,0.9616639964254047,0.022579287209084087,-0.039268301513281534
2023-12-05,0.1,0.039165722796764356,0.35564787275234266,0.42,0.039165722796764356,0.05916572279676437,0.08003719922535318,True,-0.012338733551688408,-0.014571999999999998,0.9720989680076839,0.9476506286694937,0.02444833933819024,-0.051122513955570215
2023-12-06,0.05,0.026596993576865856,0.8304142716156893,0.42,0.026596993576865856,0.05916572279676437,0.0,False,0.00015838663992693818,0.0013385,0.9722529354969031,0.9489190590359677,0.02333387646093532,-0.05097222443885341
2023-12-07,0.35,0.23147521650098232,0.4658852662535449,0.42,0.23147521650098232,0.046596993576865864,0.0125687292198985,False,0.0008985772140658167,0.0017410000000000001,0.9731265798310491,0.9505711271177494,0.02255545271329973,-0.050119449704218666
2023-12-08,0.5,0.5,0.2518991712804667,0.42,0.5,0.21147521650098233,0.20487822292411648,True,-0.0008574597162664438,0.00018699999999999994,0.9722921629900158,0.9507488839185203,0.021543279071495447,-0.05093393401136237
2023-12-11,0.15,0.057324175898868755,-0.3955480730103398,0.6190476190476191,0.057324175898868755,0.48,0.26852478349901765,True,0.00996084,0.0099355,0.9819770096588132,0.9601950494546928,0.021781960204120376,-0.04148043877862018
2023-12-12,0.05,0.026596993576865856,-1.1051446185101157,0.7142857142857143,0.026596993576865856,0.07732417589886875,0.44267582410113127,True,0.004606471450336426,0.003401,0.9865004587186933,0.9634606728178882,0.023039785900805132,-0.037065045785264816
2023-12-13,0.05,0.026596993576865856,-0.6792464572522714,0.6190476190476191,0.026596993576865856,0.046596993576865864,0.0307271823220029,True,-0.007268206986425116,-0.0078735,0.9793303691925225,0.9558748652104565,0.023455503982065973,-0.044063856346961305
2023-12-14,0.05,0.026596993576865856,-0.06620089534832929,0.33333333333333337,0.026596993576865856,0.046596993576865864,0.0,False,-0.00021616345320308073,-0.0023195,0.9791186737580911,0.9536577134606008,0.025460960297490343,-0.04427049480481504
2023-12-15,0.1,0.039165722796764356,0.024560737476506667,0.42,0.039165722796764356,0.046596993576865864,0.0,False,-0.004923759931316319,-0.0057485,0.9742977284642375,0.9481756120947725,0.02612211636946493,-0.04897627744767186
2023-12-18,0.05,0.026596993576865856,-0.5942553184376682,0.42,0.026596993576865856,0.046596993576865864,0.0125687292198985,False,-0.002817428867732949,-0.006577500000000001,0.9715527139182957,0.9419389870062191,0.029613726912076532,-0.051655719137489675
2023-12-19,0.1,0.039165722796764356,-0.3999537900796797,0.42,0.039165722796764356,0.046596993576865864,0.0125687292198985,False,-0.0031923380558105314,-0.002641,0.9684511892164283,0.9394513261415357,0.02899986307489255,-0.054683154675297385
2023-12-20,0.25,0.11920292202211755,-0.33599111921294944,0.42,0.11920292202211755,0.046596993576865864,0.0125687292198985,False,-0.004391253795406188,-0.0074685,0.964198474256116,0.9324350339122477,0.031763440343868354,-0.058834280860190824
2023-12-21,0.3,0.16798161486607552,0.21093332789837943,0.42,0.16798161486607552,0.09920292202211754,0.08003719922535318,True,-0.0006006463978495405,0.0002775,0.9636193319157421,0.9326937846341583,0.03092554728158381,-0.05939958865917161
2023-12-22,0.3,0.16798161486607552,0.7158885657443083,0.42,0.16798161486607552,0.14798161486607553,0.04877869284395797,True,-0.002791212229698737,-0.001638,0.9609296658517248,0.9311660322149276,0.029763633636797238,-0.06202500403056577
2023-12-25,0.05,0.026596993576865856,-0.08663798917699764,0.42,0.026596993576865856,0.14798161486607553,0.0,False,0.0001932261184340451,-0.0013025,0.9611153425611455,0.9299531884579676,0.031162154103177908,-0.061843762762906374
2023-12-26,0.15,0.057324175898868755,-0.19614500812247326,0.42,0.057324175898868755,0.046596993576865864,0.14138462128920967,True,-0.0035155404610834468,-0.005768500000000001,0.9577365026866037,0.9245887534903479,0.03314774919625585,-0.06514188897373119
2023-12-27,0.1,0.039165722796764356,-0.15713751540960877,0.5238095238095238,0.039165722796764356,0.046596993576865864,0.0307271823220029,True,0.005658873511766785,0.0046165,0.9631562124129092,0.9288571174708361,0.03429909494207306,-0.05985164517198416
2023-12-28,0.45,0.401312339887548,1.730866299670411,0.0,0.401312339887548,0.046596993576865864,0.0181584531021044,False,-0.0007566178664935823,0.0078195,0.9624274712143732,0.9361203157008994,0.026307155513473846,-0.0605629782144016
2023-12-29,0.2,0.08317269649392238,1.6098741200162165,0.04761904761904767,0.08317269649392238,0.381312339887548,0.36214661709078366,True,0.00437213744751639,0.004967,0.966635336401788,0.9407700253089857,0.025865311092802323,-0.05645563043186963
2024-01-02,0.05,0.026596993576865856,-1.156156334559907,0.9523809523809523,0.026596993576865856,0.10317269649392241,0.3181396433936256,True,0.009192550522120148,0.003633000000000001,0.9755211805681281,0.9441878428109333,0.031333337757194824,-0.047782051144752535
2024-01-03,0.05,0.026596993576865856,-2.2125540338784937,0.9523809523809523,0.026596993576865856,0.046596993576865864,0.05657570291705652,True,0.009264217013413595,0.0048585,0.9845586204860927,0.9487751794452303,0.035783441040862396,-0.03896049742248997
2024-01-04,0.05,0.026596993576865856,-1.8960968795448303,0.9047619047619048,0.026596993576865856,0.046596993576865864,0.0,False,0.005036175816511977,-0.0005764999999999998,0.9895170308005232,0.9482282105542801,0.04128882024624314,-0.03412053352089628
2024-01-05,0.1,0.039165722796764356,-1.6415694560544543,0.8571428571428572,0.039165722796764356,0.046596993576865864,0.0,False,0.001677435103498762,-0.0052755,0.9911768814034978,0.943225832629501,0.04795104877399681,-0.032500333398075676
2024-01-08,0.1,0.039165722796764356,-0.8288873528349874,0.42,0.039165722796764356,0.046596993576865864,0.0125687292198985,False,-0.011680202617260412,-0.016956,0.9795997345991606,0.9272324954114352,0.052367239187725456,-0.04380092553611814
2024-01-09,0.05,0.026596993576865856,-0.24176400392085473,0.42,0.026596993576865856,0.046596993576865864,0.0,False,0.006201896704269826,0.0039239999999999995,0.9856751109646747,0.9308709557234297,0.054804155241245045,-0.03787067764757468
2024-01-10,0.1,0.039165722796764356,0.3754633477663501,0.42,0.039165722796764356,0.046596993576865864,0.0125687292198985,False,-0.004802570176094339,-0.0048665,0.9809413370734373,0.9263408722174017,0.054600464856035646,-0.042491371236650255
2024-01-11,0.35,0.23147521650098232,2.1573035069647144,0.42,0.23147521650098232,0.046596993576865864,0.0125687292198985,False,-0.004033048509339003,0.0036145000000000005,0.9769851530762043,0.9296891313000316,0.04729602177617265,-0.04635304998456358
2024-01-12,0.35,0.23147521650098232,1.2853628941009594,0.42,0.23147521650098232,0.21147521650098233,0.19230949370421796,True,0.0008283695706988504,-0.00024350000000000012,0.9777944578480371,0.9294627519965601,0.04833170585147695,-0.04556307786998104
2024-01-15,0.15,0.057324175898868755,-0.8385004322658103,0.7619047619047619,0.057324175898868755,0.21147521650098233,0.0,False,0.002096260046482766,0.0005589999999999999,0.9798441693036961,0.9299823216749262,0.049861847628769884,-0.043562329883232054
2024-01-16,0.05,0.026596993576865856,-0.742380409550554,0.6666666666666667,0.026596993576865856,0.07732417589886875,0.17415104060211356,True,0.0021692898404268215,0.0008535,0.9819697353053681,0.9307760615864759,0.051193673718892274,-0.0414875393624462
2024-01-17,0.4,0.3100255188723876,-0.061470111919660564,0.42,0.3100255188723876,0.046596993576865864,0.0307271823220029,True,-0.014036573451853376,-0.0180705,0.9681862449882573,0.9139564727655775,0.054229772222679884,-0.05494176992070188
2024-01-18,0.6,0.6899744811276125,0.896668804644801,0.42,0.6899744811276125,0.2900255188723876,0.28342852529552176,True,-0.005190623431523974,-0.0036555,0.963160754778942,0.9106155048793828,0.05254524989955922,-0.059847211313906135
2024-01-19,0.65,0.7685247834990178,0.9966183876574436,0.42,0.7685247834990178,0.6699744811276125,0.3799489622552249,True,-0.008315227944966412,-0.007036,0.9551518535553092,0.9042084141870514,0.05094343936825774,-0.06766479605492692
2024-01-22,0.75,0.8807970779778823,0.22057890431427696,0.42,0.8807970779778823,0.7485247834990177,0.07855030237140526,True,-0.03365702370151235,-0.0331135,0.9230042849816547,0.8742669088638685,0.04873737611778617,-0.09904442411186065
2024-01-23,0.75,0.8807970779778823,0.2736023445950797,0.42,0.8807970779778823,0.8607970779778823,0.11227229447886455,True,0.0034811136115238616,0.0066435,0.9262173677615991,0.8800751010729057,0.04614226668869348,-0.09590809539325806
2024-01-24,0.6,0.6899744811276125,-0.34767704572021896,0.6190476190476191,0.6899744811276125,0.8607970779778823,0.0,False,0.01803884925619451,0.019972,0.9429252632371199,0.8976519609915338,0.04527330224558612,-0.07959931781231133
2024-01-25,0.05,0.026596993576865856,-0.5273133070682483,0.6190476190476191,0.026596993576865856,0.7099744811276125,0.1908225968502698,True,0.027840653388947114,0.027127999999999996,0.9691769186625862,0.9220034633893122,0.04717345527327399,-0.05397476144057345
2024-01-26,0.05,0.026596993576865856,-0.7338869274107025,0.6190476190476191,0.026596993576865856,0.046596993576865864,0.6633774875507467,True,0.013956139853459141,0.0018530000000000003,0.9827028872821858,0.9237119358069726,0.05899095147521316,-0.04077190090633609
2024-01-29,0.05,0.026596993576865856,-1.4043329804662252,0.8095238095238095,0.026596993576865856,0.046596993576865864,0.0,False,0.0014410999452165946,-0.0075390000000000006,0.9841190603592124,0.9167480715229239,0.06737098883628845,-0.039389557345281934
2024-01-30,0.1,0.039165722796764356,-0.7131322014037668,0.5238095238095238,0.039165722796764356,0.046596993576865864,0.0,False,-0.014491111456117544,-0.0178005,0.9698580813694573,0.9004294974757802,0.06942858389367712,-0.053309870335702
2024-01-31,0.05,0.026596993576865856,-0.5471306817152107,0.42,0.026596993576865856,0.046596993576865864,0.0125687292198985,False,-0.002098267642627556,-0.01476,0.9678230595393789,0.8871391580930377,0.08068390144634119,-0.05529627960237149
2024-02-01,0.15,0.057324175898868755,0.020966082657484786,0.42,0.057324175898868755,0.046596993576865864,0.0125687292198985,False,-0.008369924993388695,-0.0043895,0.9597224531241623,0.8832450607585882,0.07647739236557405,-0.06320337888307492
2024-02-02,0.1,0.039165722796764356,-0.1386000690675176,0.42,0.039165722796764356,0.046596993576865864,0.0307271823220029,True,-0.003354069211554578,-0.012491499999999999,0.9565034775925009,0.8722120050821224,0.0842914725103785,-0.06634545958745153
2024-02-05,0.05,0.026596993576865856,-1.1872499061109862,0.42,0.026596993576865856,0.046596993576865864,0.0181584531021044,False,-0.0010758779846962558,-0.0115445,0.9554743965586737,0.8621427535894518,0.09333164296922192,-0.06734995795279308
2024-02-06,0.4,0.3100255188723876,1.1394916630266665,0.09523809523809523,0.3100255188723876,0.046596993576865864,0.0125687292198985,False,0.024070652914660057,0.054095,0.9784732891270819,0.9087803658448732,0.06969292328220866,-0.044900462499831595
2024-02-07,0.6,0.6899744811276125,1.4989186553808713,0.04761904761904767,0.6899744811276125,0.2900255188723876,0.28342852529552176,True,0.02669617874750168,0.033433000000000004,1.0045947869532743,0.9391636198161649,0.06543116713710939,-0.019402954525071014
2024-02-08,0.65,0.7685247834990178,0.8132764286800395,0.2857142857142857,0.7685247834990178,0.6699744811276125,0.3799489622552249,True,0.005623242982310094,0.0055765,1.0102438675390746,0.9444008657420698,0.06584300179700475,-0.01388881907063011
2024-02-19,0.45,0.401312339887548,-0.47051954962519815,0.5714285714285714,0.401312339887548,0.7485247834990177,0.07855030237140526,True,0.0034068153055198534,0.008177,1.0136855818093142,0.9521232316212428,0.061562350188071435,-0.010529320406495679
2024-02-20,0.35,0.23147521650098232,-0.9948930587203356,0.8571428571428572,0.23147521650098232,0.421312339887548,0.36721244361146976,True,0.006151449826995364,0.005314999999999999,1.019921217806163,0.9571837665973096,0.06273745120885332,-0.004442641165693151
2024-02-21,0.5,0.5,-0.19652496491515564,0.47619047619047616,0.5,0.2514752165009823,0.16983712338656567,True,0.0007409409913399606,0.000731,1.020676919244373,0.9578834679306923,0.06279345131368064,-0.003704991909302624
2024-02-22,0.35,0.23147521650098232,-0.15258294193874677,0.47619047619047616,0.23147521650098232,0.48,0.26852478349901765,True,0.01234148,0.0121675,1.0332735830296889,0.9695385150267392,0.0637350680029497,0.0
2024-02-23,0.6,0.6899744811276125,0.113569299122563,0.33333333333333337,0.6899744811276125,0.2514752165009823,0.26852478349901765,True,-0.004266032650168699,-0.0019129999999999998,1.0288656041879274,0.967683787847493,0.0611818163404344,-0.004266032650168672
2024-02-26,0.75,0.8807970779778823,1.2116444060852607,0.42,0.8807970779778823,0.6699744811276125,0.45849926462663015,True,-0.005643436372717826,-0.00855,1.023059266614615,0.959410091461397,0.063649175153218,-0.009885393939061293
2024-02-27,0.9,0.9608342772032357,1.291908582763873,0.42,0.9608342772032357,0.8607970779778823,0.1908225968502698,True,0.021423975015607,0.0149805,1.0449772627820517,0.9737825343365345,0.07119472844551722,0.0
2024-02-28,0.95,0.973403006423134,0.46591842314496446,0.42,0.973403006423134,0.9408342772032356,0.08003719922535335,True,-0.02172438333897704,-0.014716,1.0222757761448595,0.9594523505612381,0.06282342558362142,-0.02172438333897697
2024-02-29,1.0,0.9820137900379085,0.3599644147621118,0.2857142857142857,0.9820137900379085,0.953403006423134,0.012568729219898378,False,0.027822186662440213,0.018191000000000002,1.0507177236092526,0.9769057482702976,0.073811975338955,0.0
2024-03-01,1.0,0.9820137900379085,0.46996325247255444,0.23809523809523814,0.9820137900379085,0.953403006423134,0.008610783614774409,False,0.007815044443650429,0.0040985,1.0589291293169902,0.9809095964795834,0.07801953283740681,0.0
2024-03-04,0.9,0.9608342772032357,0.08660464472562196,0.4285714285714286,0.9608342772032357,0.953403006423134,0.0,False,-0.0010117665453128054,0.0023279999999999998,1.0578577402500902,0.983193154020188,0.07466458622990213,-0.0010117665453127644
2024-03-05,0.7,0.8320183851339245,-0.5611060857188881,0.7619047619047619,0.8320183851339245,0.953403006423134,0.021179512834672787,False,-0.0048957010792365745,0.00027400000000000037,1.052678784969469,0.9834625489443897,0.06921623602507931,-0.0059025143179815
2024-03-06,0.95,0.973403006423134,-0.3267151745700741,0.6666666666666667,0.973403006423134,0.8520183851339245,0.1288158920693112,True,0.0005810765386613365,0.000341,1.0532904719141614,0.9837979096735796,0.06949256224058176,-0.005324867591909421
2024-03-07,0.95,0.973403006423134,-0.44078297656664966,0.7142857142857143,0.973403006423134,0.953403006423134,0.1413846212892096,True,-0.010805869462812305,-0.0031955,1.0419087525682331,0.9806541834532176,0.06125456911501548,-0.01607319723061662
2024-03-08,1.0,0.9820137900379085,-0.4346525392917651,0.7142857142857143,0.9820137900379085,0.953403006423134,0.0,False,0.010726320051411952,0.0077325,1.0530845993126474,0.9882370919267696,0.06484750738587786,-0.00551928343694974
2024-03-11,1.0,0.9820137900379085,1.1450263741759885,0.42,0.9820137900379085,0.953403006423134,0.008610783614774409,False,0.01653172583486459,0.0048235000000000005,1.0704939051894022,0.9930038535396785,0.07749005164972378,0.0
2024-03-12,1.0,0.9820137900379085,1.9308769557889498,0.42,0.9820137900379085,0.953403006423134,0.0,False,-0.00537147736033786,-0.011982999999999999,1.0647437714132977,0.9811046883627125,0.0836390830505852,-0.0053714773603378285
2024-03-13,1.0,0.9820137900379085,1.0404120857816208,0.42,0.9820137900379085,0.953403006423134,0.0,False,-0.0008177302620497456,-0.002226,1.063873098210084,0.9789207493264172,0.08495234888366676,-0.006184815202798344
2024-03-14,0.95,0.973403006423134,-0.4249325041852906,0.42,0.973403006423134,0.953403006423134,0.0,False,-0.003642498840206837,0.0002545,1.0599979416837264,0.9791698846571207,0.08082805702660567,-0.009804785860802023
2024-03-15,0.85,0.9426758241011313,0.11342567254414679,0.42,0.9426758241011313,0.953403006423134,0.008610783614774409,False,0.010895633322584242,0.004995499999999999,1.0715472905790064,0.9840613278159254,0.08748596276308107,0.0
2024-03-18,1.0,0.9820137900379085,1.6340760074849778,0.42,0.9820137900379085,0.953403006423134,0.030727182322002777,True,0.013251449528662166,0.005510500000000001,1.0857468454176888,0.989483997762855,0.09626284765483384,0.0
2024-03-19,1.0,0.9820137900379085,0.27203937297388797,0.42,0.9820137900379085,0.953403006423134,0.039337965936777186,True,-0.008316852655584163,-0.005805,1.0767168488830847,0.9837400431558417,0.09297680572724298,-0.008316852655584017
2024-03-20,1.0,0.9820137900379085,-1.0746825447921868,0.42,0.9820137900379085,0.953403006423134,0.0,False,0.002115754273492546,0.003281,1.0789949171574507,0.9869676942374361,0.09202722292001453,-0.006218694798639457
2024-03-21,0.9,0.9608342772032357,-1.2140632458191867,0.9523809523809523,0.9608342772032357,0.953403006423134,0.0,False,-0.004958561803719471,-0.0015195,1.0736446541748264,0.9854679968260424,0.088176657348784,-0.01114642081986128
2024-03-22,0.7,0.8320183851339245,-1.665779591677457,0.42,0.8320183851339245,0.953403006423134,0.021179512834672787,False,-0.01414253926391301,-0.0088545,1.0584605924976687,0.9767421704481462,0.08171842204952251,-0.02513132138967722
2024-03-25,0.55,0.5986876601124521,-1.9185479686694202,0.42,0.5986876601124521,0.8520183851339245,0.1288158920693112,True,-0.012010347519616993,-0.006735,1.045748112945952,0.9701638119301779,0.07558430101577418,-0.03683983300577698
2024-03-26,0.45,0.401312339887548,-1.24183025090798,0.42,0.401312339887548,0.6186876601124521,0.23333072502147234,True,-0.003554194527730642,-0.0031630000000000004,1.042031320725535,0.9670951837930427,0.07493613693249224,-0.0402630916006359
2024-03-27,0.45,0.401312339887548,-1.0803372384498175,0.42,0.401312339887548,0.421312339887548,0.19737532022490412,True,-0.011654062113484395,-0.012980499999999999,1.0298874229896033,0.9545418047598172,0.07534561822978614,-0.05144792514372565
2024-03-28,0.75,0.8807970779778823,-0.19985602987607382,0.42,0.8807970779778823,0.421312339887548,0.0,False,0.00654129538909407,0.007763,1.0366242208408911,0.9619519127901677,0.07467230805072345,-0.045243165830152754
2024-03-29,0.9,0.9608342772032357,0.48825198677982473,0.19047619047619047,0.9608342772032357,0.8607970779778823,0.4794847380903343,True,0.008451336758071849,0.0087425,1.0453850812227914,0.9703617773877358,0.07502330383505562,-0.037174194302512786
2024-04-01,1.0,0.9820137900379085,0.44242169639654527,0.23809523809523814,0.9820137900379085,0.9408342772032356,0.08003719922535335,True,0.01902692363346445,0.011881,1.0652755433307803,0.9818906456648795,0.08338489766590085,-0.018854581225177913
2024-04-02,1.0,0.9820137900379085,0.15116314882580628,0.33333333333333337,0.9820137900379085,0.9620137900379084,0.021179512834672787,False,-0.003106778460870666,0.00019199999999999995,1.061965968217868,0.9820791686688471,0.07988679954902078,-0.02190278267920953
2024-04-03,0.9,0.9608342772032357,-1.6714549023901948,0.9047619047619048,0.9608342772032357,0.9620137900379084,0.0,False,-0.0015865604328565235,0.0038555,1.0602810950316532,0.9858655749036499,0.07441552012800334,-0.02345459302369779
2024-04-08,0.9,0.9608342772032357,-1.6657366052471052,0.8095238095238095,0.9608342772032357,0.9620137900379084,0.021179512834672787,False,-0.01315547665483064,-0.007906999999999999,1.046332591838406,0.9780703358028867,0.06826225603551939,-0.0363015133275566
2024-04-09,0.8,0.9168273035060777,0.10267895499082902,0.4285714285714286,0.9168273035060777,0.9620137900379084,0.0,False,0.007837035000026091,0.002644,1.0545327369823116,0.9806563537707497,0.07387638321156198,-0.028748974558032492
2024-04-10,0.85,0.9426758241011313,-0.12435821339479076,0.47619047619047616,0.9426758241011313,0.9368273035060777,0.044006973697158,True,-0.010050015100983564,-0.003972,1.0439346670511578,0.9767611867335723,0.06717348031758552,-0.03851006203057017
2024-04-11,0.8,0.9168273035060777,-1.504531427899629,0.7619047619047619,0.9168273035060777,0.9368273035060777,0.025848520595053603,False,0.004446281352723418,0.006536500000000001,1.048576294294729,0.9831457862306562,0.0654305080640728,-0.034235007248545335
2024-04-12,0.65,0.7685247834990178,-0.33624792587350344,0.47619047619047616,0.7685247834990178,0.9368273035060777,0.025848520595053603,False,-0.004835984098379885,-0.004988,1.0435053960095815,0.9782418550489377,0.0652635409606438,-0.03890543139626346
2024-04-15,0.35,0.23147521650098232,-1.2299976885010397,0.6666666666666667,0.23147521650098232,0.7885247834990178,0.1483025200070599,True,0.013728307018923984,0.015486,1.057830958461905,0.9933909084162257,0.06444005004567932,-0.025711230084250913
2024-04-16,0.2,0.08317269649392238,-2.2913687186529996,0.9523809523809523,0.08317269649392238,0.25147521650098237,0.5370495669980354,True,-0.007239447780859937,-0.013674500000000001,1.050172846477143,0.979806784439088,0.07036606203805496,-0.032764542757534376
2024-04-17,0.45,0.401312339887548,-1.0677210217896818,0.4285714285714286,0.401312339887548,0.10317269649392238,0.14830252000705996,True,0.01574110528610084,0.020257,1.0667037278221438,0.9996547304714706,0.06704899735067327,-0.017539187588630822
2024-04-18,0.6,0.6899744811276125,-0.17713605010863076,0.2857142857142857,0.6899744811276125,0.381312339887548,0.3181396433936256,True,0.003002541621252951,0.0028200000000000005,1.0699065501624754,1.0024737568114002,0.06743279335107522,-0.014589308108115873
2024-04-19,0.55,0.5986876601124521,-0.21266267024716984,0.33333333333333337,0.5986876601124521,0.6699744811276125,0.2886621412400645,True,-0.002224567320654611,-0.0002084999999999998,1.0675264710148296,1.0022647410331051,0.06526172998172441,-0.01678142053072218
2024-04-22,1.0,0.9820137900379085,1.6722587746594906,0.42,0.9820137900379085,0.6186876601124521,0.09128682101516039,True,-0.01241785243154674,-0.0137195,1.0542700848309976,0.9885141699185015,0.0657559149124961,-0.028990883758526653
2024-04-23,1.0,0.9820137900379085,2.0800949982714423,0.42,0.9820137900379085,0.9620137900379084,0.38332612992545634,True,-0.010620237150341251,-0.01353,1.043073486509582,0.9751395731995042,0.06793391331007792,-0.03930323084815435
2024-04-24,0.85,0.9426758241011313,1.3509051946765305,0.42,0.9426758241011313,0.9620137900379084,0.0,False,0.009446110841213185,0.0052635,1.0529264742786824,0.9802722203430398,0.07265425393564251,-0.030228382681950494
2024-04-25,0.75,0.8807970779778823,0.38456201689590275,0.42,0.8807970779778823,0.9620137900379084,0.039337965936777186,True,0.00013997918371030742,0.0018425,1.0530738620670588,0.9820783719090219,0.07099549015803686,-0.030092634842572963
2024-04-26,0.9,0.9608342772032357,1.4962777204025832,0.42,0.9608342772032357,0.9007970779778823,0.06187874612324895,True,0.018132242128110564,0.007450999999999998,1.0721684523128432,0.9893958378581161,0.08277261445472706,-0.01250603965570074
2024-04-29,0.95,0.973403006423134,2.795898656676158,0.42,0.973403006423134,0.9408342772032356,0.08003719922535335,True,0.018466250100549652,0.0094675,1.0919673831031715,0.9987629429530378,0.09320444015013374,0.0
2024-04-30,0.9,0.9608342772032357,0.7401396785187042,0.42,0.9608342772032357,0.953403006423134,0.012568729219898378,False,-0.005640106845955118,-0.002255,1.0858085703901716,0.9965107325166787,0.08929783787349299,-0.005640106845955173
2024-05-06,0.9,0.9608342772032357,-0.17960419419462698,0.5714285714285714,0.9608342772032357,0.953403006423134,0.012568729219898378,False,0.015193468002780056,0.013232500000000001,1.1023057681615391,1.0096970607847056,0.09260870737683358,0.0
2024-05-07,1.0,0.9820137900379085,0.28398336809388414,0.33333333333333337,0.9820137900379085,0.953403006423134,0.0,False,-0.0006282925812328453,-0.0003295,1.101613197625153,1.009364365603177,0.09224883202197609,-0.0006282925812328699
2024-05-08,0.85,0.9426758241011313,-0.874189804223428,0.6666666666666667,0.9426758241011313,0.953403006423134,0.021179512834672787,False,-0.011880968268878916,-0.005536500000000001,1.0885249661795904,1.003776019793015,0.08474894638657537,-0.01250179612589053
2024-05-09,1.0,0.9820137900379085,-0.2999062590331218,0.6190476190476191,0.9820137900379085,0.953403006423134,0.039337965936777186,True,0.018138126110002543,0.012632,1.1082687692900421,1.0164557184750402,0.0918130508150019,0.0
2024-05-10,0.8,0.9168273035060777,-0.0035297156247570127,0.4285714285714286,0.9168273035060777,0.953403006423134,0.039337965936777186,True,-0.002923744520969974,0.0005329999999999998,1.1050284745480683,1.0169974893729874,0.0880309851750809,-0.0029237445209698842
2024-05-13,0.45,0.401312339887548,-1.1213189928203218,0.8095238095238095,0.401312339887548,0.9368273035060777,0.06518648653183079,True,-0.004748332041664014,-0.0011895,1.0997814324354205,1.0157877708593783,0.08399366157604216,-0.007658193652843481
2024-05-14,0.25,0.11920292202211755,-0.43974478545746953,0.6666666666666667,0.11920292202211755,0.421312339887548,0.5155149636185297,True,-0.002084112965199454,-0.0020705000000000003,1.0974893636931962,1.013684582279814,0.08380478141338221,-0.009726346077361114
2024-05-15,0.2,0.08317269649392238,-0.4092723652087946,0.42,0.08317269649392238,0.1392029220221176,0.2821094178654304,True,-0.0011069416359198792,-0.003976,1.096274507021545,1.0096541723806693,0.0866203346408756,-0.010822521215842595
2024-05-16,0.2,0.08317269649392238,-0.9311416699543242,0.7619047619047619,0.08317269649392238,0.10317269649392238,0.03603022552819517,True,0.0014556082740710525,-0.0012575000000000004,1.0978702532646187,1.0083845322589007,0.08948572100571806,-0.009382666293199504
2024-05-17,0.05,0.026596993576865856,-0.49802521963577867,0.7142857142857143,0.026596993576865856,0.10317269649392238,0.0,False,0.00905258737303743,0.010689500000000001,1.1078088196565554,1.0191636587164823,0.08864516094007313,-0.00041501632657336973
2024-05-20,0.05,0.026596993576865856,-0.4588741714545469,0.7142857142857143,0.026596993576865856,0.046596993576865864,0.05657570291705652,True,0.010408994994872807,0.007665,1.1193399961156365,1.0269755481605443,0.09236444795509224,0.0
2024-05-21,0.05,0.026596993576865856,-1.1726723503441572,0.9523809523809523,0.026596993576865856,0.046596993576865864,0.0,False,0.002412903530253809,-0.001558,1.1220408555438182,1.0253755202565102,0.09666533528730792,0.0
2024-05-22,0.1,0.039165722796764356,-0.9074706018162888,0.8095238095238095,0.039165722796764356,0.046596993576865864,0.0,False,-0.0007630169277270032,-0.0013469999999999999,1.121184719377437,1.0239943394307247,0.0971903799467122,-0.0007630169277270671
2024-05-23,0.2,0.08317269649392238,-0.281219122576033,0.42,0.08317269649392238,0.046596993576865864,0.0125687292198985,False,-0.012851291109596506,-0.014644499999999998,1.1067760481610862,1.0089984543269315,0.09777759383415474,-0.0136045022846637
2024-05-24,0.25,0.11920292202211755,0.16126133291225986,0.42,0.11920292202211755,0.06317269649392238,0.044006973697158024,True,-0.002558224777077572,-0.005464,1.1039446662520045,1.003485286772489,0.10045937947951544,-0.016127923686916956
2024-05-27,0.25,0.11920292202211755,-0.7415168917693058,0.7142857142857143,0.11920292202211755,0.09920292202211754,0.03603022552819517,True,0.015102513188655665,0.012631999999999999,1.1206170051336215,1.0161613129149991,0.10445569221862239,-0.0012689826784485492
2024-05-28,0.3,0.16798161486607552,-0.7145518057877431,0.6666666666666667,0.16798161486607552,0.09920292202211754,0.0,False,-0.005440045629579277,-0.007529,1.1145207974924123,1.008510634390062,0.10601016310235023,-0.006702124984353741
2024-05-29,0.45,0.401312339887548,0.14515367014548253,0.23809523809523814,0.401312339887548,0.14798161486607553,0.04877869284395797,True,0.002614406575267558,0.0037905,1.1174346079936488,1.0123333939497177,0.10510121404393113,-0.004105240488713635
2024-05-30,0.5,0.5,1.1488099024241039,0.42,0.5,0.381312339887548,0.23333072502147248,True,-0.006870067497421564,-0.006594,1.1097577568127777,1.0056580675500133,0.10409968926276436,-0.010947104706884536
2024-05-31,0.55,0.5986876601124521,1.0682972752664752,0.42,0.5986876601124521,0.48,0.098687660112452,True,0.00143648,0.0014075,1.111351901635284,1.00707353128009,0.10427837035519394,-0.009526350003854045
2024-06-03,0.55,0.5986876601124521,0.5219632586790901,0.42,0.5986876601124521,0.5786876601124521,0.09868766011245211,True,-0.00783172830339023,-0.0080205,1.1026480954922204,0.998996298022458,0.10365179746976239,-0.017283470522290956
2024-06-04,0.75,0.8807970779778823,1.1968413067172412,0.42,0.8807970779778823,0.5786876601124521,0.0,False,0.009868409635525828,0.009402500000000001,1.1135294785823702,1.0083893607146142,0.10514011786775601,-0.007585621253802577
2024-06-05,0.85,0.9426758241011313,1.2767658598974319,0.42,0.9426758241011313,0.8607970779778823,0.2821094178654302,True,-0.011027054811619337,-0.011473,1.1012505279876885,0.9968201095791355,0.10443041840855305,-0.018529029004075936
2024-06-06,0.85,0.9426758241011313,-0.2254051903649661,0.42,0.9426758241011313,0.9226758241011312,0.06187874612324895,True,-0.0074822752190579385,-0.0033949999999999996,1.0930106684521517,0.9934359053071142,0.09957476314503744,-0.025872664928583644
2024-06-07,0.8,0.9168273035060777,-1.3345229797746807,0.9523809523809523,0.9168273035060777,0.9226758241011312,0.0,False,0.0013611634182288102,0.005019,1.0944984345897826,0.9984219601158507,0.09607647447393186,-0.024546718435387693
2024-06-11,1.0,0.9820137900379085,1.2967206170885637,0.42,0.9820137900379085,0.9226758241011312,0.025848520595053603,False,-0.001849238830789155,-0.0081805,1.0924744455843012,0.990254369271123,0.1022200763131782,-0.02635056452127771
2024-06-12,0.95,0.973403006423134,1.292232180271345,0.04761904761904767,0.973403006423134,0.9620137900379084,0.06518648653183079,True,0.0024084809372572017,0.0064645,1.0951056494609315,0.9966558686412762,0.09844978081965527,-0.02400554841635605
2024-06-13,1.0,0.9820137900379085,0.04510639824017692,0.42,0.9820137900379085,0.9620137900379084,0.008610783614774409,False,-0.005055346556036112,-0.007784,1.0895695108874335,0.9888978993597725,0.10067161152766102,-0.028939538605879722
2024-06-14,1.0,0.9820137900379085,1.291598140798623,0.42,0.9820137900379085,0.9620137900379084,0.008610783614774409,False,0.004697116952856562,0.002789,1.0946873463083384,0.9916559356010868,0.10303141070725164,-0.024378354050416773
2024-06-17,1.0,0.9820137900379085,1.8577949871836292,0.42,0.9820137900379085,0.9620137900379084,0.0,False,-0.002485759068035092,-0.007542500000000001,1.0919662173105893,0.9841763707068156,0.10778984660377366,-0.026803514403807238
2024-06-18,1.0,0.9820137900379085,1.4928660945785128,0.42,0.9820137900379085,0.9620137900379084,0.0,False,0.004047045012461746,0.002807,1.0963854537441327,0.9869389537793897,0.10944649996474298,-0.022864944420629918
2024-06-19,1.0,0.9820137900379085,-0.7315640781630829,0.42,0.9820137900379085,0.9620137900379084,0.0,False,-0.007343790298501735,-0.0045195,1.088333828885508,0.9824784831777837,0.10585534570772426,-0.030040819362119775
2024-06-20,1.0,0.9820137900379085,-1.7210100573643519,0.42,0.9820137900379085,0.9620137900379084,0.0,False,-0.011404526478671668,-0.006631000000000001,1.075921896916349,0.9759636683558318,0.09995822856051728,-0.04110274452093521
2024-06-21,0.8,0.9168273035060777,-0.8822751808050475,0.42,0.9168273035060777,0.9620137900379084,0.0,False,-0.004025082219317533,-0.0017395,1.0715912228196967,0.9742659795547268,0.09732524326496983,-0.04496238481411641
2024-06-24,0.7,0.8320183851339245,-0.4267691737338539,0.42,0.8320183851339245,0.9368273035060777,0.06518648653183079,True,-0.019946376500406548,-0.016457000000000003,1.050216860834804,0.9582324843291946,0.09198437650560931,-0.06401192465866445
2024-06-25,0.65,0.7685247834990178,-1.5501911780061741,0.42,0.7685247834990178,0.8520183851339245,0.08480891837215321,True,-0.0046878732002952825,-0.0021375,1.0452935773583982,0.9561842623939409,0.08910931496445729,-0.06839971807285294
2024-06-26,0.65,0.7685247834990178,-0.549000005494017,0.42,0.7685247834990178,0.7885247834990178,0.0634936016349067,True,0.010647381847869277,0.008379000000000001,1.0564232172196584,0.9641961303285397,0.09222708689111869,-0.058480614141592
2024-06-27,0.4,0.3100255188723876,0.01322330639148514,0.42,0.3100255188723876,0.7885247834990178,0.0,False,-0.011497183881423775,-0.0086405,1.0442773252346786,0.9558649936644359,0.08841233157024275,-0.06930543564873126
2024-06-28,0.25,0.11920292202211755,-1.3432700898643812,0.8571428571428572,0.11920292202211755,0.3300255188723876,0.45849926462663015,True,0.004688074278709674,0.0040505,1.049172974902951,0.9597367248212737,0.08943625008167733,-0.06494227040026124
2024-07-01,0.05,0.026596993576865856,-1.4314933118797661,0.8571428571428572,0.026596993576865856,0.13920292202211754,0.19082259685027006,True,0.02002314059336144,0.014663499999999998,1.0701807128861882,0.9738098242856904,0.0963708886004978,-0.0462194780175762
2024-07-02,0.05,0.026596993576865856,-1.566294385878926,0.9047619047619048,0.026596993576865856,0.046596993576865864,0.09260592844525169,True,-0.0031494201461376337,-0.0057515000000000005,1.0668102641890165,0.9682089570813113,0.0986013071077052,-0.049223333608501396
2024-07-03,0.15,0.057324175898868755,-0.4018939604046544,0.47619047619047616,0.057324175898868755,0.046596993576865864,0.0,False,-0.00650388534287796,-0.0065125,1.0598718525481259,0.9619034962483192,0.09796835629980671,-0.05540707603339534
2024-07-04,0.2,0.08317269649392238,-0.24440507861171212,0.42,0.08317269649392238,0.046596993576865864,0.0307271823220029,True,-0.007579841202703661,-0.010565499999999999,1.0518381922105957,0.9517405048587075,0.10009768735188818,-0.06256694039825972
2024-07-05,0.35,0.23147521650098232,0.4598580842278781,0.42,0.23147521650098232,0.06317269649392238,0.025848520595053624,False,-0.001778785986066331,0.00112,1.0499671971746822,0.9528064542241493,0.0971607429505329,-0.06423443318755451
2024-07-08,0.35,0.23147521650098232,0.32789866618273944,0.42,0.23147521650098232,0.21147521650098233,0.14830252000705996,True,-0.008636470276677424,-0.011404000000000001,1.0408991866847968,0.9419406494201772,0.09895853726461956,-0.07231614469126846
2024-07-09,0.4,0.3100255188723876,0.15713485381510428,0.33333333333333337,0.3100255188723876,0.21147521650098233,0.0,False,0.013440613277985,0.0156435,1.0548895101143962,0.9566758979693817,0.09821361214501456,-0.059847504747833624
2024-07-10,0.6,0.6899744811276125,2.065926346527865,0.42,0.6899744811276125,0.2900255188723876,0.07855030237140528,True,-0.014363051257356912,-0.0120695,1.0397380780097751,0.9451292982188403,0.09460877979093485,-0.0733509632268724
2024-07-11,0.65,0.7685247834990178,2.589734939409374,0.42,0.7685247834990178,0.6699744811276125,0.3799489622552249,True,0.01583684006316903,0.0125735,1.0562042436588026,0.9570128814499949,0.09919136220880775,-0.058675770636806845
2024-07-12,0.75,0.8807970779778823,1.372638906882142,0.42,0.8807970779778823,0.7485247834990177,0.07855030237140526,True,-0.005430680172509792,-0.004366,1.050468336214644,0.9528345632095842,0.09763377300505993,-0.06378780146511254
2024-07-15,0.6,0.6899744811276125,-1.0057891529026686,0.7142857142857143,0.6899744811276125,0.8607970779778823,0.11227229447886455,True,-0.0042937990398655155,0.0015539999999999998,1.0459578362811965,0.9543152681208119,0.09164256816038463,-0.06780770850429196
2024-07-16,0.9,0.9608342772032357,-0.30091892719938185,0.42,0.9608342772032357,0.7099744811276125,0.1908225968502698,True,0.0011067150766587769,-0.000744,1.0471154135881584,0.9536052575613301,0.09351015602682833,-0.0667760372409485
2024-07-17,0.95,0.973403006423134,0.9316112824708223,0.42,0.973403006423134,0.9408342772032356,0.27085979607562316,True,-0.007772753254567213,-0.005863499999999999,1.0389764438492837,0.9480137931336192,0.09096265071566445,-0.0740297568347239
2024-07-18,1.0,0.9820137900379085,0.22246234095662887,0.42,0.9820137900379085,0.953403006423134,0.012568729219898378,False,0.0021051138381822797,0.001104,1.0411636075387762,0.9490604003612387,0.0921032071775375,-0.07208048406209167
2024-07-19,0.9,0.9608342772032357,0.7295802951012739,0.42,0.9608342772032357,0.953403006423134,0.008610783614774409,False,0.00045763323109560797,-0.0022315,1.0416400786045934,0.9469425720778326,0.09469750652676079,-0.07165583725581637
2024-07-22,1.0,0.9820137900379085,1.1716063708670328,0.42,0.9820137900379085,0.953403006423134,0.021179512834672787,False,-0.0011170738841954153,-0.0048445,1.040476489676053,0.9423551087874015,0.09812138088865152,-0.07269286627556304
2024-07-23,1.0,0.9820137900379085,-0.6889964590661626,0.42,0.9820137900379085,0.953403006423134,0.021179512834672787,False,-0.027126256921656138,-0.0195975,1.0122522570961574,0.9238873045429403,0.08836495255321708,-0.09784723783025673
2024-07-24,0.95,0.973403006423134,-1.5615639121921792,0.42,0.973403006423134,0.953403006423134,0.0,False,-0.012348168732796181,-0.0075625,0.9997527954253802,0.9169004068023343,0.08285238862304589,-0.10898717236028699
2024-07-25,0.95,0.973403006423134,-0.4498234148395526,0.42,0.973403006423134,0.953403006423134,0.008610783614774409,False,0.0005159390693316514,-0.0019075000000000001,1.0002686069522138,0.9151514192763589,0.08511718767585486,-0.10852746403123192
2024-07-26,0.8,0.9168273035060777,1.0134138115644375,0.42,0.9168273035060777,0.953403006423134,0.0,False,0.01242711876855493,0.006882,1.0126990637312658,0.9214494913438188,0.09124957238744702,-0.09744902894784324
2024-07-29,0.75,0.8807970779778823,0.18631543688495267,0.42,0.8807970779778823,0.9368273035060777,0.05657570291705638,True,-0.00551132922933017,-0.0018695,1.0071177457808085,0.9197268415197516,0.08739090426105689,-0.10242328449556326
2024-07-30,0.75,0.8807970779778823,-0.501221438229424,0.42,0.8807970779778823,0.9007970779778823,0.03603022552819535,True,-0.002126717100307493,-0.004582,1.0049758912488334,0.9155126531319081,0.08946323811692525,-0.10433217624526436
2024-07-31,0.75,0.8807970779778823,0.2888202647083229,0.4285714285714286,0.8807970779778823,0.9007970779778823,0.0,False,0.03867262233251461,0.029006999999999995,1.043840944344382,0.9420689286613053,0.10177201568307659,-0.06969435276181202
2024-08-01,0.4,0.3100255188723876,-0.35622262931084725,0.7142857142857143,0.3100255188723876,0.9007970779778823,0.0,False,-0.00673061508149194,-0.00441,1.0368152527416987,0.9379144046859089,0.0989008480557898,-0.0759558819815106
2024-08-02,0.45,0.401312339887548,-1.124960663782285,0.9047619047619048,0.401312339887548,0.3300255188723876,0.5707715591054947,True,-0.005653151134621142,-0.0073925,1.0309539794192695,0.9309808724492683,0.09997310697000117,-0.08117964303572678
2024-08-05,0.65,0.7685247834990178,-0.6096721196458357,0.42,0.7685247834990178,0.381312339887548,0.09128682101516039,True,-0.013494348255148551,-0.0139075,1.0170419273859546,0.9180332559656802,0.09900867142027436,-0.09357852491652263
2024-08-06,0.25,0.11920292202211755,0.6287030954117434,0.42,0.11920292202211755,0.7485247834990177,0.36721244361146976,True,0.0048920404194810405,0.0022455,1.0220173376030335,0.920094699641951,0.10192263796108247,-0.08914427442332873
2024-08-07,0.4,0.3100255188723876,0.1365313543241905,0.42,0.3100255188723876,0.1392029220221176,0.6493218614769002,True,0.002449780182074436,0.0007930000000000001,1.0245210554224298,0.9208243347387671,0.10369672068366265,-0.08691287811808202
2024-08-08,0.1,0.039165722796764356,-1.0920505395116966,0.8571428571428572,0.039165722796764356,0.2900255188723876,0.19082259685027006,True,0.004370448130326363,0.0041905,1.0289986715535808,0.9246830491134899,0.10431562244009096,-0.08292227821342801
2024-08-09,0.1,0.039165722796764356,-0.6574392876254463,0.42,0.039165722796764356,0.059165722796764325,0.27085979607562327,True,-0.005268388191960428,-0.004556,1.023577507102825,0.9204701931417288,0.10310731396109618,-0.08775379965399832
2024-08-12,0.05,0.026596993576865856,-0.8824806373148409,0.7619047619047619,0.026596993576865856,0.059165722796764325,0.0,False,0.004762293394986492,6.300000000000028e-05,1.0284520835041575,0.9205281827638967,0.10792390074026081,-0.08340941559948911
2024-08-13,0.1,0.039165722796764356,-0.8815997747378219,0.7619047619047619,0.039165722796764356,0.046596993576865864,0.0125687292198985,False,0.002297602090192694,0.002284,1.0308150571608796,0.9226306691333294,0.10818438802755026,-0.08130345515691961
2024-08-14,0.05,0.026596993576865856,-0.39326714535496604,0.42,0.026596993576865856,0.046596993576865864,0.0125687292198985,False,-0.004971099018054106,-0.0087085,1.0256907734424316,0.9145959399511817,0.11109483349124993,-0.08587038664887892
2024-08-15,0.05,0.026596993576865856,-0.9694586471979041,0.8095238095238095,0.026596993576865856,0.046596993576865864,0.0125687292198985,False,0.009143749526097167,0.008431,1.035069432966018,0.9223068983209102,0.11276253464510777,-0.07751181443000832
2024-08-16,0.05,0.026596993576865856,-0.9305842893925222,0.7619047619047619,0.026596993576865856,0.046596993576865864,0.0,False,0.00047806305500127044,-0.002275,1.03556426142128,0.9202086501272301,0.11535561129405003,-0.07707080690981216
2024-08-19,0.05,0.026596993576865856,-0.9820357531925998,0.8095238095238095,0.026596993576865856,0.046596993576865864,0.0,False,0.007321736876046232,0.0045655,1.043146390461644,0.924409862719386,0.11873652774225807,-0.07031336220278395
2024-08-20,0.1,0.039165722796764356,-0.26714769953576795,0.42,0.039165722796764356,0.046596993576865864,0.0,False,-0.010818928481135227,-0.013279999999999998,1.0318606642678851,0.9121336997424726,0.11972696452541254,-0.08037157544697915
2024-08-21,0.15,0.057324175898868755,1.0865162607573728,0.42,0.057324175898868755,0.046596993576865864,0.0125687292198985,False,-0.008942894155961912,-0.006898499999999999,1.022632843563637,0.9058413454147991,0.11679149814883782,-0.08859571511057085
2024-08-22,0.1,0.039165722796764356,0.2391031954967454,0.42,0.039165722796764356,0.046596993576865864,0.0181584531021044,False,-0.0012051693230143502,-0.005439499999999999,1.021400397831867,0.9009140214164153,0.12048637641545179,-0.08969411159558338
2024-08-23,0.15,0.057324175898868755,-0.44784253111819494,0.42,0.057324175898868755,0.046596993576865864,0.0181584531021044,False,0.0014691940328980496,0.0007704999999999999,1.0229010332015616,0.9016081756699167,0.12129285753164487,-0.0883566956162275
2024-08-26,0.55,0.5986876601124521,0.31190776154726196,0.42,0.5986876601124521,0.046596993576865864,0.0181584531021044,False,-0.0021272502619153373,-0.00036850000000000007,1.0207250667107701,0.9012759330571823,0.11944913365358778,-0.09029598907425118
2024-08-27,0.55,0.5986876601124521,-0.21943798909429038,0.42,0.5986876601124521,0.5786876601124521,0.5413634842135834,True,-0.0051217764429251,-0.0043205000000000006,1.0154971411093878,0.8973819703884088,0.11811517072097899,-0.09495528964744504
2024-08-28,0.6,0.6899744811276125,0.23026372806544,0.42,0.6899744811276125,0.5786876601124521,0.0,False,-0.0024056262617693086,-0.0027069999999999998,1.0130542345179834,0.8949527573945674,0.11810147712341601,-0.09713248897074467
2024-08-29,0.8,0.9168273035060777,3.833080006298681,0.42,0.9168273035060777,0.6699744811276125,0.09128682101516039,True,0.004171870954732737,-0.0006174999999999997,1.0172805660545379,0.8944001240668762,0.12288044198766168,-0.09336584222550992
2024-08-30,0.8,0.9168273035060777,3.493936135345858,0.42,0.9168273035060777,0.8968273035060776,0.22685282237846516,True,0.015211260414842144,0.010565999999999999,1.0327546856597516,0.9038503557777668,0.12890432988198475,-0.07957479395061096
2024-09-02,0.7,0.8320183851339245,-0.9659622910772045,0.42,0.8320183851339245,0.8968273035060776,0.0,False,-0.015785987604971283,-0.008455,1.0164516329929507,0.8962083010196659,0.12024333197328485,-0.09410461484460975
2024-09-03,0.85,0.9426758241011313,-0.266097476147216,0.42,0.9426758241011313,0.8520183851339245,0.08480891837215321,True,0.008531366104520648,0.002747,1.0251233540015514,0.8986701852225669,0.1264531687789845,-0.08637608966145338
2024-09-04,0.55,0.5986876601124521,1.7391466288642627,0.42,0.5986876601124521,0.9226758241011312,0.11065743896720681,True,-0.003694999747080804,-0.002722,1.021335523467789,0.896224004978391,0.12511151848939794,-0.08975192977908142
2024-09-05,0.4,0.3100255188723876,0.23630035600775054,0.42,0.3100255188723876,0.6186876601124521,0.34398816398867915,True,0.0031868894335762023,0.0027265,1.0245904068556646,0.8986675597279647,0.12592284712769986,-0.08685106982216118
2024-09-06,0.4,0.3100255188723876,0.2679944345741002,0.42,0.3100255188723876,0.3300255188723876,0.2886621412400645,True,-0.010663015032280771,-0.011295999999999999,1.013665183945432,0.8885162109732777,0.12514897297215433,-0.09658799059135847
2024-09-09,0.85,0.9426758241011313,0.9257002594350825,0.42,0.9426758241011313,0.3300255188723876,0.0,False,-0.014027404578208297,-0.012259500000000001,0.9994460923033855,0.8776234464848508,0.12182264581853475,-0.1092605163481456
2024-09-10,0.8,0.9168273035060777,0.9264964108157053,0.42,0.9168273035060777,0.9226758241011312,0.6326503052287437,True,-0.0013328719338272154,1.799999999999996e-05,0.998113958657581,0.8776392437068876,0.1204747149506934,-0.11044775800625695
2024-09-11,0.95,0.973403006423134,1.69432764518061,0.42,0.973403006423134,0.9226758241011312,0.025848520595053603,False,0.0014236595587574757,-0.008095,0.9995349331355532,0.8705347540290804,0.12900017910647277,-0.10918133845392841
2024-09-12,0.75,0.8807970779778823,1.0234458215464113,0.42,0.8807970779778823,0.953403006423134,0.05657570291705638,True,-0.004396548243240142,-0.0011325,0.995140429581219,0.8695488734201425,0.12559155616107642,-0.11309786567539426
2024-09-13,0.7,0.8320183851339245,-1.4617517553979595,0.42,0.8320183851339245,0.9007970779778823,0.09260592844525173,True,-0.008891164201646252,-0.006395,0.9862924726181156,0.8639881083746207,0.12230436424349489,-0.12098345818246481
2024-09-18,0.25,0.11920292202211755,-1.8302762517929076,0.9523809523809523,0.11920292202211755,0.8520183851339245,0.04877869284395786,True,0.0043098621114955665,0.0069500000000000004,0.9905432571767058,0.8699928257278243,0.12055043144888145,-0.11719501809350752
2024-09-19,0.3,0.16798161486607552,-0.5860045591269754,0.8095238095238095,0.16798161486607552,0.1392029220221176,0.7128154631118069,True,0.006093028536853781,0.009221499999999999,0.9965786655096714,0.8780154645702735,0.11856320093939798,-0.1118160621462746
2024-09-20,0.35,0.23147521650098232,0.02698985265964715,0.6190476190476191,0.23147521650098232,0.1392029220221176,0.04877869284395797,True,-0.003187846287034254,-0.0051495,0.9934017259110889,0.8734941239354688,0.11990760197562012,-0.11464745601476511
2024-09-23,0.05,0.026596993576865856,-1.7073197605656765,0.9047619047619048,0.026596993576865856,0.21147521650098233,0.0634936016349068,True,0.008495310085218404,0.005677,1.0018409816118947,0.8784529500770504,0.12338803153484434,-0.10712611161887353
2024-09-24,0.05,0.026596993576865856,-0.6272812875597946,0.7619047619047619,0.026596993576865856,0.046596993576865836,0.20487822292411648,True,0.04421954871295945,0.044293,1.0461419377009211,0.9173622665948131,0.128779671106108,-0.06764363121707473
2024-09-25,0.05,0.026596993576865856,-0.074869462200982,0.5714285714285714,0.026596993576865856,0.046596993576865836,0.0,False,0.014475746158849492,0.013003999999999998,1.0612856228372065,0.9292916455096121,0.13199397732759444,-0.054147077092986495
2024-09-26,0.05,0.026596993576865856,0.21465006862010427,0.47619047619047616,0.026596993576865856,0.046596993576865836,0.0,False,0.038824977443459446,0.047474999999999996,1.102490013204929,0.9734097663801808,0.12908024682474806,-0.017424358696291442
2024-09-27,0.1,0.039165722796764356,1.225436884392877,0.19047619047619047,0.039165722796764356,0.046596993576865836,0.0,False,0.01970288530940977,0.040709499999999996,1.1242122474898752,1.0130367912646348,0.1111754562252405,0.0
2024-09-30,0.05,0.026596993576865856,0.9387747978014134,0.2857142857142857,0.026596993576865856,0.046596993576865836,0.0125687292198985,False,0.059455845538400165,0.078769,1.191053237229011,1.092832686275759,0.0982205509532521,0.0
2024-10-08,0.2,0.08317269649392238,0.895783872165091,0.38095238095238093,0.08317269649392238,0.046596993576865836,0.0125687292198985,False,0.018912103108294935,0.0575035,1.2135785588589545,1.155674390651017,0.057904168207937534,0.0
2024-10-09,0.35,0.23147521650098232,1.6585738166042254,0.42,0.23147521650098232,0.06317269649392238,0.05657570291705652,True,-0.084059037847168,-0.091389,1.111566312849318,1.0500584637638113,0.06150784908550677,-0.08405903784716795
2024-10-10,0.2,0.08317269649392238,-0.2820041547014356,0.42,0.08317269649392238,0.21147521650098233,0.14830252000705996,True,0.023296331377659855,0.008273999999999998,1.1374617300216994,1.058746647492993,0.0787150825287064,-0.0627209736704829
2024-10-11,0.25,0.11920292202211755,-1.1630660601922305,0.42,0.11920292202211755,0.1031726964939224,0.14830252000705996,True,-0.018233767419482995,-0.0286485,1.116721517387921,1.02841514416229,0.08830637322563106,-0.07981110144373482
2024-10-14,0.2,0.08317269649392238,-0.4835467783242327,0.6666666666666667,0.08317269649392238,0.1031726964939224,0.03603022552819517,True,0.025492974038837445,0.024289,1.1451900700393025,1.0533943195988478,0.09179575044045474,-0.05635274974201343
2024-10-15,0.35,0.23147521650098232,-0.1220018295441333,0.42,0.23147521650098232,0.1031726964939224,0.03603022552819517,True,-0.02202379990089293,-0.020723000000000002,1.1199686330882672,1.0315648291138009,0.08840380397446634,-0.07713544795872329
2024-10-16,0.25,0.11920292202211755,-0.19892785331816465,0.5714285714285714,0.11920292202211755,0.21147521650098233,0.14830252000705996,True,0.008636495669980353,0.0028659999999999996,1.1296412373384477,1.0345212939140411,0.09511994342440655,-0.0691651322510406
2024-10-17,0.55,0.5986876601124521,-0.05458985002819816,0.42,0.5986876601124521,0.13920292202211754,0.11227229447886478,True,-0.012603926701904068,-0.00869,1.1154033219835857,1.025531303869928,0.08987201811365764,-0.08089730669572504
2024-10-18,0.65,0.7685247834990178,0.7603438677344978,0.42,0.7685247834990178,0.5786876601124521,0.47948473809033454,True,0.02875488963469405,0.02617,1.1474766214053949,1.052369458092204,0.0951071633131908,-0.054468610186810484
2024-10-21,0.7,0.8320183851339245,0.7807563826951647,0.42,0.8320183851339245,0.7485247834990177,0.16983712338656565,True,0.0023674526929506508,-0.0008834999999999998,1.150193218022839,1.0514396896759794,0.09875352834685946,-0.052230109351727894
2024-10-22,0.7,0.8320183851339245,0.29856787094636517,0.2857142857142857,0.8320183851339245,0.8120183851339244,0.0634936016349067,True,0.008315723600229663,0.006557500000000001,1.1597579069107755,1.0583345054410296,0.10142340146974593,-0.04434871690447706
2024-10-23,0.8,0.9168273035060777,-0.05868626081227252,0.47619047619047616,0.9168273035060777,0.8120183851339244,0.0,False,0.004162785383028688,0.0028494999999999996,1.1645857301735156,1.0613502296142838,0.10323550055923181,-0.040370545711934325
2024-10-24,0.75,0.8807970779778823,-0.03506633613043225,0.42,0.8807970779778823,0.8968273035060776,0.08480891837215321,True,-0.00819700792797827,-0.006547000000000001,1.1550396117104729,1.0544015696609992,0.10063804204947369,-0.04823663595665517
2024-10-25,0.7,0.8320183851339245,0.14902427946837687,0.42,0.8320183851339245,0.8968273035060776,0.03603022552819535,True,0.012493839251770961,0.0079585,1.1694704909486116,1.0627930245531463,0.10667746639546527,-0.03634545748057283
2024-10-28,0.7,0.8320183851339245,0.06702962547294168,0.4285714285714286,0.8320183851339245,0.8520183851339245,0.04877869284395786,True,0.011250337529550793,0.010302,1.1826274287026328,1.0737419182920929,0.10888551041053995,-0.02550401861534446
2024-10-29,0.85,0.9426758241011313,0.03270962117656684,0.42,0.9426758241011313,0.8520183851339245,0.0,False,-0.0095279744215761,-0.012008999999999999,1.1713593848116999,1.0608473515953232,0.1105120332163767,-0.0347889913999061
2024-10-30,0.95,0.973403006423134,0.37034542492489786,0.42,0.973403006423134,0.9226758241011312,0.11065743896720681,True,0.0038728777902262805,-0.0016870000000000001,1.1758959165575102,1.059057702113182,0.11683821444432829,-0.031050847121816827
2024-10-31,0.95,0.973403006423134,0.3765344495839921,0.42,0.973403006423134,0.953403006423134,0.030727182322002777,True,0.006782379132213288,0.0017555,1.1838712884836247,1.0609168779092417,0.12295441057438294,-0.02447906660716015
2024-11-01,0.55,0.5986876601124521,-0.37637181330204295,0.42,0.5986876601124521,0.953403006423134,0.0,False,-0.00479196148863925,0.0014650000000000002,1.1781982228617054,1.0624711211353788,0.11572710172632661,-0.029153725351340087
2024-11-04,0.35,0.23147521650098232,-0.7575760798044764,0.9047619047619048,0.23147521650098232,0.6186876601124521,0.37471534631068193,True,0.009637113792460987,0.009235,1.189552653205499,1.072283041939064,0.11726961126643487,-0.019797569327564157
2024-11-05,0.25,0.11920292202211755,0.29290915078110547,0.33333333333333337,0.11920292202211755,0.25147521650098237,0.36721244361146976,True,0.017938696894624444,0.022351999999999997,1.2108916776915488,1.096250712492486,0.11464096519906275,-0.0022140150283570526
2024-11-06,0.45,0.401312339887548,0.31386359231645067,0.23809523809523814,0.401312339887548,0.13920292202211754,0.11227229447886478,True,-0.00244922189173238,0.0007744999999999999,1.20792593528603,1.0970997586693114,0.11082617661671867,-0.004657814306013419
2024-11-07,0.05,0.026596993576865856,-0.7310152770315014,0.8571428571428572,0.026596993576865856,0.381312339887548,0.2821094178654304,True,0.01880635000615497,0.0181995,1.2306426132065313,1.1170664257272134,0.11357618747931797,0.0
2024-11-08,0.2,0.08317269649392238,-0.19021549122450448,0.6666666666666667,0.08317269649392238,0.046596993576865864,0.37471534631068215,True,-0.01185044097331003,-0.0070285,1.2160589555594874,1.1092151243539896,0.10684383120549779,-0.011850440973310006
2024-11-11,0.4,0.3100255188723876,1.8763922683236836,0.42,0.3100255188723876,0.06317269649392238,0.05657570291705652,True,-0.006638502478946952,0.0033845000000000004,1.2079861451684601,1.1129692629423655,0.09501688222609461,-0.01841027427047892
2024-11-12,0.25,0.11920292202211755,0.6659620410460947,0.42,0.11920292202211755,0.2900255188723876,0.2268528223784652,True,-0.006822988572608082,-0.0074695000000000004,1.1997440695041068,1.1046559390328174,0.09508813047128939,-0.025107649752120986
2024-11-13,0.1,0.039165722796764356,-1.284371354242024,0.42,0.039165722796764356,0.13920292202211754,0.19082259685027006,True,0.004335226227627421,0.002042,1.2049452314606617,1.1069116464603226,0.0980335850003391,-0.020881270866212942
2024-11-14,0.15,0.057324175898868755,-1.4331945654318419,0.42,0.057324175898868755,0.05916572279676437,0.08003719922535318,True,-0.012714892338825341,-0.0190175,1.1896244825684583,1.0858609542237634,0.10376352834469493,-0.03333066009407659
2024-11-15,0.05,0.026596993576865856,-1.3740949736534922,0.42,0.026596993576865856,0.05916572279676437,0.0181584531021044,False,-0.004345943576040958,-0.014352,1.1844544416905387,1.0702766778087438,0.1141777638817949,-0.03753175050199664
2024-11-18,0.05,0.026596993576865856,-2.874876962526529,0.9523809523809523,0.026596993576865856,0.046596993576865864,0.0307271823220029,True,0.014489505591436278,0.0016115,1.2016166009462153,1.0720014286750328,0.12961517227118247,-0.023586061419315407
2024-11-19,0.1,0.039165722796764356,-1.2480443186314172,0.7619047619047619,0.039165722796764356,0.046596993576865864,0.0,False,-5.574461245861057e-05,0.006612,1.2015496172944717,1.0790895021214322,0.12246011517303956,-0.023640491235920713
2024-11-20,0.2,0.08317269649392238,0.7107224089020295,0.04761904761904767,0.08317269649392238,0.046596993576865864,0.0125687292198985,False,0.002512897689452763,0.0053045,1.204568988551534,1.0848135323854353,0.11975545616609873,-0.021186999682272112
2024-11-21,0.25,0.11920292202211755,0.06019478887756374,0.4285714285714286,0.11920292202211755,0.06317269649392238,0.044006973697158024,True,0.0005432170504214319,-0.0008174999999999999,1.2052233309645242,1.0839266973227102,0.12129663364181398,-0.0206552917713253
2024-11-22,0.4,0.3100255188723876,0.25880010386251273,0.42,0.3100255188723876,0.09920292202211754,0.03603022552819517,True,-0.026567540015851505,-0.029313000000000002,1.1732035118910864,1.0521535540440896,0.12104995784699679,-0.046674071496503045
2024-11-25,0.55,0.5986876601124521,0.03256288822364617,0.42,0.5986876601124521,0.2900255188723876,0.19082259685027006,True,-0.001963182737247191,-0.0033845,1.170900299009264,1.0485925403404275,0.12230775866883659,-0.04854562450231126
2024-11-26,0.85,0.9426758241011313,-0.5461536479597753,0.42,0.9426758241011313,0.5786876601124521,0.2886621412400645,True,-0.003188330797152074,-0.002858,1.1671670815255382,1.0455956628601346,0.12157141866540355,-0.05157917578979565
2024-11-27,0.9,0.9608342772032357,-0.2760422017017331,0.5238095238095238,0.9608342772032357,0.9226758241011312,0.34398816398867915,True,0.01690942757641539,0.0140365,1.1869032087601705,1.0602721663818708,0.1266310423782997,-0.03554192255084887
2024-11-28,1.0,0.9820137900379085,0.07700581149134689,0.33333333333333337,0.9820137900379085,0.9408342772032356,0.0181584531021044,False,-0.005891383647113302,-0.004188,1.1799107066053747,1.0558317465490636,0.12407896005631103,-0.041223915096659014
2024-11-29,0.95,0.973403006423134,0.2260295595501682,0.2857142857142857,0.973403006423134,0.9620137900379084,0.021179512834672787,False,0.014474262265143114,0.010780000000000001,1.196989043622231,1.0672136127768626,0.12977543084536847,-0.027346338590221064
2024-12-02,1.0,0.9820137900379085,0.3395611582435252,0.1428571428571429,0.9820137900379085,0.9620137900379084,0.008610783614774409,False,0.01420885456452342,0.0099015,1.2139968868583872,1.0777806283637728,0.1362162584946145,-0.013526044173598373
2024-12-03,0.95,0.973403006423134,-0.5191870298919536,0.6190476190476191,0.973403006423134,0.9620137900379084,0.008610783614774409,False,-0.00017931599379782676,0.004913,1.2137791978001529,1.083075764590924,0.13070343320922895,-0.013702934731342986
2024-12-04,0.6,0.6899744811276125,-1.089515308710768,0.7142857142857143,0.6899744811276125,0.9620137900379084,0.008610783614774409,False,-0.007484467286494928,-0.0038900000000000002,1.2046947071011895,1.0788625998666652,0.12583210723452432,-0.02108484285111223
2024-12-05,0.8,0.9168273035060777,-0.03838984382564924,0.4285714285714286,0.9168273035060777,0.7099744811276125,0.28342852529552154,True,0.00128567080814303,0.0004694999999999999,1.206243547918834,1.0793691258573026,0.12687442206153143,-0.019826280209917058
2024-12-06,0.65,0.7685247834990178,-0.011437523666961935,0.4285714285714286,0.7685247834990178,0.8968273035060776,0.22685282237846516,True,0.013705597703433358,0.013192499999999998,1.2227758367189716,1.093608703050175,0.1291671336687965,-0.006392413526996488
2024-12-09,0.8,0.9168273035060777,-0.5055734331684211,0.5714285714285714,0.9168273035060777,0.7885247834990178,0.1483025200070599,True,-0.0029732999831237573,-0.000552,1.2191401573442908,1.0930050310460915,0.12613512629819934,-0.00934670694708839
2024-12-10,0.65,0.7685247834990178,0.334789752133558,0.1428571428571429,0.7685247834990178,0.8968273035060776,0.1483025200070599,True,0.008022120229861865,0.0044725,1.2289202462635593,1.0978934960474451,0.1310267502161142,-0.001399567124109491
2024-12-11,0.7,0.8320183851339245,0.6215344649034217,0.04761904761904767,0.8320183851339245,0.7885247834990178,0.1483025200070599,True,0.006201339618218109,0.005792500000000001,1.236541198074344,1.1042530441233,0.13228815395104387,0.0
2024-12-12,0.45,0.401312339887548,0.3632457420478193,0.09523809523809523,0.401312339887548,0.8120183851339244,0.0634936016349067,True,0.008103068944252216,0.006933,1.2465609766547487,1.111908830478207,0.13465214617654175,0.0
2024-12-13,0.65,0.7685247834990178,0.8721440173534152,0.42,0.7685247834990178,0.421312339887548,0.43070604524637646,True,-0.015699537630002994,-0.015543499999999998,1.2269905456936643,1.094625875571669,0.13236467012199538,-0.01569953763000298
2024-12-16,0.35,0.23147521650098232,-0.6665824705025313,0.42,0.23147521650098232,0.7485247834990177,0.36721244361146976,True,-0.008881910500998631,-0.004234,1.2160925254812416,1.0899912296144985,0.12610129586674312,-0.024442006242864966
2024-12-17,0.35,0.23147521650098232,-1.3455684243393629,0.42,0.23147521650098232,0.25147521650098237,0.5370495669980354,True,-0.006069490067405323,-0.0070365,1.2087114639767873,1.082321506327316,0.12638995764947136,-0.030363145796151736
2024-12-18,0.3,0.16798161486607552,-0.18618467323592455,0.6190476190476191,0.16798161486607552,0.25147521650098237,0.0,False,0.005137079562951723,0.0044345,1.214920710935888,1.0871210610471242,0.1277996498887637,-0.0253820441289363
2024-12-19,0.45,0.401312339887548,0.9248154384569078,0.42,0.401312339887548,0.1879816148660755,0.0634936016349068,True,-0.007582109494226551,-0.003280000000000001,1.2057090490787685,1.0835553039668897,0.12215374511187882,-0.032771704185389994
2024-12-20,0.6,0.6899744811276125,2.006666899890965,0.42,0.6899744811276125,0.381312339887548,0.23333072502147248,True,-0.004309778018930689,-0.0031374999999999997,1.200512710721823,1.0801556492006936,0.12035706152112935,-0.036940243433979614
2024-12-23,0.6,0.6899744811276125,0.09439773868372026,0.42,0.6899744811276125,0.6699744811276125,0.2886621412400645,True,-0.009145795270683934,-0.00645,1.1895330672497073,1.0731886452633492,0.11634442198635808,-0.04574819080096715
2024-12-24,0.1,0.039165722796764356,-1.2770850470911836,0.9047619047619048,0.039165722796764356,0.6699744811276125,0.0,False,0.010338290331745341,0.0103405,1.2018308054581464,1.084285952449695,0.1175448530084513,-0.03588285854787432
2024-12-25,0.05,0.026596993576865856,-1.0740198356630541,0.8095238095238095,0.026596993576865856,0.05916572279676435,0.6508087583308482,True,0.0037377037234532177,-0.001115,1.2063228929346679,1.0830769736127137,0.12324591932195417,-0.0322792743184237
2024-12-26,0.1,0.039165722796764356,0.21853415992879618,0.38095238095238093,0.039165722796764356,0.046596993576865864,0.0125687292198985,False,-0.003968799885303184,-6.500000000000006e-05,1.2015352387755502,1.083006573609429,0.11852866516612126,-0.03611996422351427
2024-12-27,0.2,0.08317269649392238,1.1175733474702425,0.04761904761904767,0.08317269649392238,0.046596993576865864,0.0125687292198985,False,0.001591561105278573,0.0028425,1.203447555528207,1.086085019794914,0.11736253573329303,-0.03458589024841796
2024-12-30,0.15,0.057324175898868755,-0.9429031932751357,0.7619047619047619,0.057324175898868755,0.06317269649392238,0.044006973697158024,True,0.011595554664345626,0.0059085,1.2174021974440072,1.0925021531343722,0.12490004430963508,-0.02339137816506298
2024-12-31,0.2,0.08317269649392238,-2.289759480137252,0.9523809523809523,0.08317269649392238,0.06317269649392238,0.025848520595053624,False,-0.005763904628162953,-0.015686,1.210385207283824,1.0753651643603064,0.13502004292351755,-0.029020457120361276
2025-01-02,0.3,0.16798161486607552,-0.568176410416815,0.42,0.16798161486607552,0.06317269649392238,0.025848520595053624,False,-0.02175451034830176,-0.026875,1.1840538697665366,1.0464647255681232,0.1375891441984134,-0.050143641633925706
2025-01-03,0.8,0.9168273035060777,0.06604677196570297,0.42,0.9168273035060777,0.14798161486607553,0.08480891837215314,True,-0.009205099921197887,-0.011734,1.1731545355832547,1.034185508478307,0.13896902710494774,-0.05888716432347052
2025-01-06,0.4,0.3100255188723876,-0.3153775757007371,0.42,0.3100255188723876,0.8968273035060776,0.7488456886400021,True,-0.0054309877326180886,-0.001377,1.1667831476920367,1.0327614350331324,0.13402171265890428,-0.0639983365890392
2025-01-07,0.25,0.11920292202211755,0.6432111155288814,0.42,0.11920292202211755,0.3300255188723876,0.6068017846336901,True,0.001521730098541302,0.003454,1.1685586767263505,1.036328593029737,0.1322300836966135,-0.06257399468554192
2025-01-08,0.25,0.11920292202211755,0.9014207812873399,0.42,0.11920292202211755,0.13920292202211754,0.19082259685027006,True,-0.001822834186554883,-0.0026855,1.1664285880214182,1.0335455325931557,0.1328830554282625,-0.0642827668553948
2025-01-09,0.8,0.9168273035060777,1.2971726260316077,0.42,0.9168273035060777,0.13920292202211754,0.0,False,-0.012386066364355124,-0.007738999999999999,1.1519811261209039,1.0255469237164172,0.12643420240448666,-0.07587262260339467
2025-01-10,1.0,0.9820137900379085,1.5464309296992842,0.42,0.9820137900379085,0.8968273035060776,0.7976243814839601,True,-0.013224376879711019,-0.014072,1.1367468935507672,1.0111154274058798,0.1256314661448874,-0.08809363132694625
2025-01-13,1.0,0.9820137900379085,1.1154308258925127,0.42,0.9820137900379085,0.9620137900379084,0.06518648653183079,True,0.0015505544484245746,-0.003624,1.1385094815032952,1.007451145096961,0.13105833640633424,-0.08667967085045358
2025-01-14,1.0,0.9820137900379085,0.9511794604640278,0.23809523809523814,0.9820137900379085,0.9620137900379084,0.0,False,0.03230206726426976,0.025358000000000002,1.1752856913558236,1.0329980912343297,0.14228760012149388,-0.05717753614443988
2025-01-15,0.95,0.973403006423134,-0.149917851855083,0.5714285714285714,0.973403006423134,0.9620137900379084,0.0,False,-0.005424502540943874,-0.0017209999999999997,1.168910351136729,1.0312203015193155,0.13769004961741338,-0.06229187899528332
2025-01-16,0.9,0.9608342772032357,-0.7720767079236377,0.7619047619047619,0.9608342772032357,0.9620137900379084,0.008610783614774409,False,0.00275260244304879,0.005083,1.172127896624973,1.0364619943119382,0.13566590231303488,-0.059710741330538886
2025-01-17,0.95,0.973403006423134,0.1640985436805411,0.47619047619047616,0.973403006423134,0.9620137900379084,0.012568729219898378,False,0.007870996103229123,0.002641,1.1813537107317944,1.039199290438916,0.1421544202928784,-0.052309728239643416
2025-01-20,0.75,0.8807970779778823,0.8784832071481561,0.42,0.8807970779778823,0.9620137900379084,0.012568729219898378,False,0.0029891865511674485,0.0008264999999999999,1.1848849973560858,1.0400581886524638,0.14482680870362197,-0.049476905224625
2025-01-21,0.9,0.9608342772032357,0.8801048134503605,0.42,0.9608342772032357,0.9007970779778823,0.09260592844525173,True,0.002810553609316075,-0.0011385,1.1882151801620295,1.038874082404683,0.1493410977573466,-0.04680540910986564
2025-01-22,1.0,0.9820137900379085,0.9065952469182345,0.42,0.9820137900379085,0.9408342772032356,0.08003719922535335,True,-0.0035456111090568913,-0.0065305,1.184002231219297,1.0320897152095392,0.15191251600975786,-0.050185066440418646
2025-01-23,0.9,0.9608342772032357,-0.5482489066203595,0.42,0.9608342772032357,0.9620137900379084,0.021179512834672787,False,-0.005571839609475652,0.0033940000000000003,1.1774051606896818,1.0355926277029603,0.14181253298672147,-0.05547728290889742
2025-01-24,0.7,0.8320183851339245,-0.8931751724116699,0.8571428571428572,0.8320183851339245,0.9620137900379084,0.021179512834672787,False,0.0142216184519806,0.009583,1.1941497676484034,1.0455167118542377,0.14863305579416575,-0.04204464120719964
2025-01-27,0.5,0.5,-1.162557833256656,0.9047619047619048,0.5,0.8520183851339245,0.1288158920693112,True,-0.007692759688437,0.0008024999999999993,1.1849634604538815,1.0463557390155007,0.13860772143838074,-0.04941396157464306
2025-02-05,0.95,0.973403006423134,0.13113751928896678,0.42,0.973403006423134,0.52,0.33201838513392445,True,-0.00699436,-0.007444000000000001,1.1766753994246213,1.0385666668942692,0.13810873253035205,-0.05606270253836376
2025-02-06,1.0,0.9820137900379085,2.1271243680776633,0.42,0.9820137900379085,0.953403006423134,0.47340300642313404,True,0.021712262064016285,0.012110999999999999,1.2022236840612097,1.0511447477970257,0.151078936264184,-0.035567688563877486
2025-02-07,1.0,0.9820137900379085,0.9193090496384663,0.23809523809523814,0.9820137900379085,0.953403006423134,0.008610783614774409,False,0.015637420329114905,0.011817500000000002,1.221023361138492,1.063566650854117,0.1574567102843749,-0.020486455130970915
2025-02-10,1.0,0.9820137900379085,0.45760949998861566,0.42,0.9820137900379085,0.953403006423134,0.0,False,0.007958482215955966,0.0027380000000000004,1.2307408538433795,1.0664786963441555,0.16426215749922402,-0.012691014003842649
2025-02-11,1.0,0.9820137900379085,-0.5510412167673022,0.8095238095238095,0.9820137900379085,0.953403006423134,0.0,False,-0.0038746377665034902,-0.0005920000000000001,1.225972178850299,1.0658473409559197,0.16012483789437937,-0.016516478688191727
2025-02-12,1.0,0.9820137900379085,-0.34024144079476853,0.7142857142857143,0.9820137900379085,0.953403006423134,0.0,False,0.011557056062774108,0.006419999999999999,1.2401408080526732,1.0726900808848567,0.1674507271678165,-0.005150304495576741
2025-02-13,0.95,0.973403006423134,-0.2007917949180909,0.6666666666666667,0.973403006423134,0.953403006423134,0.0,False,-0.002775639707859141,-0.0007385,1.2366986239825057,1.0718978992601234,0.16480072472238239,-0.007911648813770378
2025-02-14,0.95,0.973403006423134,-0.636473272917503,0.8095238095238095,0.973403006423134,0.953403006423134,0.008610783614774409,False,0.005708977202461727,0.002994,1.2437589082331375,1.0751071615705081,0.1686517466626294,-0.0022478390340204824
2025-02-17,1.0,0.9820137900379085,0.21370634747220285,0.42,0.9820137900379085,0.953403006423134,0.0,False,-0.0006725373973119049,-0.0014269999999999999,1.242922433854111,1.073572983650947,0.16934945020316383,-0.0029188646755188286
2025-02-18,0.65,0.7685247834990178,-0.9096134104935681,0.42,0.7685247834990178,0.953403006423134,0.008610783614774409,False,-0.015437169339748445,-0.0091725,1.2237352297665327,1.0637256354584088,0.1600095943081239,-0.018310975006991526
2025-02-19,1.0,0.9820137900379085,0.10826395751638074,0.42,0.9820137900379085,0.7885247834990178,0.2134890065388907,True,0.011927763053809987,0.005902500000000001,1.2383316536277875,1.070004276021702,0.16832737760608563,-0.0066016209243492385
2025-02-20,1.0,0.9820137900379085,1.4808767430084737,0.42,0.9820137900379085,0.9620137900379084,0.2134890065388907,True,0.001603640564512984,-0.0006265,1.2403174924998654,1.0693339183427744,0.1709835741570911,-0.005008566986942076
2025-02-21,1.0,0.9820137900379085,1.6147115689606188,0.42,0.9820137900379085,0.9620137900379084,0.0,False,0.015210605449339672,0.004977,1.2591834725101954,1.0746559932543664,0.1845274792558289,0.0
2025-02-24,0.95,0.973403006423134,0.8854501856988781,0.42,0.973403006423134,0.9620137900379084,0.0,False,-0.0028148523496509203,-0.001463,1.2556390569539584,1.0730837715362354,0.18255528541772303,-0.0028148523496509537
2025-02-25,0.8,0.9168273035060777,-0.9824513464332126,0.42,0.9168273035060777,0.9620137900379084,0.008610783614774409,False,-0.007543113179275711,-0.006498500000000001,1.2461676294350357,1.0661103366469071,0.18005729278812854,-0.010336732779070323
2025-02-26,0.75,0.8807970779778823,-1.119368708116507,0.9047619047619048,0.8807970779778823,0.9368273035060777,0.05657570291705638,True,0.011305489966143313,0.011785999999999998,1.260256165065746,1.0786755130746277,0.18158065199111828,0.0
2025-02-27,0.6,0.6899744811276125,-2.1310531364676453,0.9523809523809523,0.6899744811276125,0.9007970779778823,0.03603022552819535,True,-0.0026300624797196094,0.0032845,1.2569416126111712,1.0822184227973213,0.17472318981384993,-0.0026300624797196415
2025-02-28,0.7,0.8320183851339245,-2.5920546476529385,0.9523809523809523,0.8320183851339245,0.7099744811276125,0.1908225968502698,True,-0.01967541950175384,-0.0156395,1.2322107590938354,1.0652930677739825,0.1669176913198529,-0.02225373439886924
2025-03-03,0.55,0.5986876601124521,-0.7496401934018174,0.6190476190476191,0.5986876601124521,0.8120183851339244,0.14204390400631195,True,0.0010398470297315458,-0.00023349999999999996,1.2334920697916822,1.0650443218426573,0.16844774794902495,-0.02123702784875292
2025-03-04,0.65,0.7685247834990178,0.4649662303408399,0.42,0.7685247834990178,0.6186876601124521,0.23333072502147234,True,0.005952393977941902,0.0048105,1.2408343005597495,1.0701677175528814,0.1706665830068681,-0.015411045027487136
2025-03-05,0.85,0.9426758241011313,-0.3252085873540732,0.5238095238095238,0.9426758241011313,0.7485247834990177,0.16983712338656565,True,0.0018468473646345617,0.002495,1.2431259321176864,1.0728377860081757,0.1702881461095107,-0.013592659510747951
2025-03-06,0.95,0.973403006423134,0.26566303805521657,0.33333333333333337,0.973403006423134,0.9226758241011312,0.1741510406021135,True,0.014212492570216752,0.0073549999999999996,1.2607938501917528,1.080728507924266,0.18006534226748694,0.0
2025-03-07,0.65,0.7685247834990178,0.3329306665519301,0.2857142857142857,0.7685247834990178,0.953403006423134,0.030727182322002777,True,-0.002686602439413143,-0.00032799999999999995,1.2574065983582305,1.0803740289736667,0.1770325693845638,-0.0026866024394132104
2025-03-10,0.25,0.11920292202211755,-1.1137456471712555,0.8095238095238095,0.11920292202211755,0.7885247834990178,0.20487822292411628,True,-0.0013576457070881597,0.0007985000000000001,1.2556994856879051,1.081236707635802,0.17446277805210308,-0.004040600692232887
2025-03-11,0.15,0.057324175898868755,-0.9609748788121399,0.7142857142857143,0.057324175898868755,0.1392029220221176,0.6493218614769002,True,0.00414063194790016,0.005122,1.2608988750953063,1.0867748020523127,0.1741240730429936,0.0
2025-03-12,0.1,0.039165722796764356,-0.09759760572790113,0.38095238095238093,0.039165722796764356,0.07732417589886877,0.06187874612324879,True,-0.0026765581865017176,-0.0009140000000000001,1.257524005888819,1.085781489883237,0.1717425160055821,-0.0026765581865018095
2025-03-13,0.05,0.026596993576865856,-0.999779494711412,0.7619047619047619,0.026596993576865856,0.05916572279676435,0.0181584531021044,False,0.005209340352676459,-0.0007934999999999997,1.2640748764371552,1.0849199222710146,0.17915495416614058,0.0
2025-03-14,0.05,0.026596993576865856,-1.0802851553117783,0.7619047619047619,0.026596993576865856,0.046596993576865864,0.0125687292198985,False,0.008606776509822873,0.012360500000000002,1.2749544863903317,1.0983300749702456,0.1766244114200861,0.0
2025-03-17,0.05,0.026596993576865856,-0.01645330750789542,0.38095238095238093,0.026596993576865856,0.046596993576865864,0.0,False,0.0028808458296001806,0.002062,1.2786274337053793,1.1005948315848342,0.17803260212054517,0.0
2025-03-18,0.05,0.026596993576865856,0.16905136208314375,0.2857142857142857,0.026596993576865856,0.046596993576865864,0.0,False,0.00013489829640502666,0.0014475,1.278799918367923,1.1021879426035532,0.17661197576436982,0.0
2025-03-19,0.1,0.039165722796764356,0.028064349361587193,0.38095238095238093,0.039165722796764356,0.046596993576865864,0.0,False,0.0005969723635777128,-0.000785,1.2795633265777342,1.1013227250686095,0.17824060150912469,0.0
2025-03-20,0.2,0.08317269649392238,-0.4725491985361604,0.42,0.08317269649392238,0.046596993576865864,0.0125687292198985,False,-0.0024363105856314215,-0.00458,1.276445912900207,1.0962786669877953,0.18016724591241173,-0.0024363105856314293
2025-03-21,0.25,0.11920292202211755,-0.17278844045046626,0.42,0.11920292202211755,0.06317269649392238,0.044006973697158024,True,-0.0036574789788454943,-0.0084735,1.2717773388061413,1.0869893497030743,0.18478798910306704,-0.006084878809724081
2025-03-24,0.1,0.039165722796764356,-0.6676055864368755,0.5238095238095238,0.039165722796764356,0.09920292202211754,0.03603022552819517,True,0.0029919851919634703,8.299999999999974e-05,1.275582477771324,1.0870795698190996,0.18850290795222446,-0.0031110994850541696
2025-03-25,0.05,0.026596993576865856,-1.2832523682205093,0.8571428571428572,0.026596993576865856,0.05916572279676435,0.08003719922535318,True,0.006192963236104977,0.0027354999999999997,1.2834821131607816,1.0900532759823398,0.19342883717844184,0.0
2025-03-26,0.05,0.026596993576865856,-0.26624625708104305,0.38095238095238093,0.026596993576865856,0.046596993576865864,0.0125687292198985,False,-0.0013738238052573488,-0.0004379999999999999,1.2817188348800994,1.0895758326474594,0.19214300223264003,-0.0013738238052573015
2025-03-27,0.05,0.026596993576865856,1.1245561827783446,0.0,0.026596993576865856,0.046596993576865864,0.0,False,-0.0013757772082637718,-0.0004395,1.279955475319669,1.0890969640690107,0.19085851125065822,-0.002747710938041714
2025-03-28,0.2,0.08317269649392238,1.2180115575901453,0.42,0.08317269649392238,0.046596993576865864,0.0,False,-0.00595194152615093,-0.0065060000000000005,1.2723372551744894,1.0820112992207778,0.1903259559537116,-0.008683298249358762
2025-03-31,0.3,0.16798161486607552,0.6928754592015709,0.42,0.16798161486607552,0.06317269649392238,0.05657570291705652,True,-0.006159190542879951,-0.007744,1.2645006875850648,1.073632203719612,0.19086848386545285,-0.01478900670378025
2025-04-01,0.55,0.5986876601124521,-0.5989796182793615,0.6666666666666667,0.5986876601124521,0.14798161486607553,0.08480891837215314,True,0.008427956734056547,0.0071885,1.2751578446702165,1.0813500088160504,0.19380783585416617,-0.006485691078362832
2025-04-02,0.1,0.039165722796764356,-0.7632744465002299,0.7142857142857143,0.039165722796764356,0.5786876601124521,0.43070604524637657,True,0.002910158015603689,0.0031174999999999996,1.2788687554930436,1.0847211174685345,0.19414763802450907,-0.003594407448637482
2025-04-03,0.05,0.026596993576865856,-0.8795013844950677,0.7142857142857143,0.026596993576865856,0.05916572279676435,0.5595219373156878,True,0.00023190804177156772,-0.003524,1.2791653354418129,1.0808985602505754,0.19826677519123748,-0.003363332978858602
2025-04-07,0.75,0.8807970779778823,-0.05851832736177398,0.42,0.8807970779778823,0.046596993576865864,0.0125687292198985,False,-0.0661340580621502,-0.0800295,1.1945689408766142,0.994394788923002,0.2001741519536122,-0.06927496018250257
2025-04-08,0.3,0.16798161486607552,-0.47675134307154865,0.42,0.16798161486607552,0.8607970779778823,0.8542000844010165,True,0.005579707519936635,0.0131265,1.2012342861791063,1.0074477121197998,0.19378657405930655,-0.06408178667883946
2025-04-09,0.45,0.401312339887548,-0.25271490533626184,0.42,0.401312339887548,0.18798161486607556,0.7128154631118068,True,0.007122063892289599,0.0138445,1.2097895535148828,1.0213953219702423,0.18839423154464052,-0.05741611736560859
2025-04-10,0.35,0.23147521650098232,0.8006324822616135,0.09523809523809523,0.23147521650098232,0.381312339887548,0.23333072502147248,True,0.012122198455434684,0.0130355,1.224454862571902,1.0347097206897853,0.18974514188211677,-0.045989928479420294
2025-04-11,0.6,0.6899744811276125,0.6640287748605963,0.19047619047619047,0.6899744811276125,0.2514752165009823,0.16983712338656567,True,-0.0010735411078923731,0.0016150000000000001,1.2231403599421724,1.0363807768886992,0.18675958305347318,-0.04701409750854102
2025-04-14,0.45,0.401312339887548,0.3311907284393174,0.23809523809523814,0.401312339887548,0.6699744811276125,0.45849926462663015,True,0.009137751061598712,0.008945000000000002,1.234317112064718,1.0456512029379685,0.18866590912674952,-0.03830594956636124
2025-04-15,0.15,0.057324175898868755,-0.41488060570313445,0.6190476190476191,0.057324175898868755,0.421312339887548,0.2886621412400645,True,0.0005055179676947041,-0.00024649999999999976,1.2349410815426998,1.0453934499164443,0.18954763162625543,-0.03781979594444196
2025-04-16,0.15,0.057324175898868755,-0.6286791596315666,0.7619047619047619,0.057324175898868755,0.07732417589886875,0.34398816398867926,True,0.001300505158417679,-0.0039225,1.236547128789588,1.041292894109147,0.1952542346804409,-0.03656847562574028
2025-04-17,0.05,0.026596993576865856,-0.1456499055015272,0.38095238095238093,0.026596993576865856,0.07732417589886875,0.0,False,-0.0003468317468632983,0.0018570000000000001,1.236118254988831,1.0432265750135077,0.1928916799753233,-0.036902624264322226
2025-04-18,0.05,0.026596993576865856,0.29775933657124415,0.2857142857142857,0.026596993576865856,0.046596993576865864,0.0307271823220029,True,0.0014320113156475476,0.000751,1.2378883903174536,1.0440100381713429,0.1938783521461107,-0.0355234579241982
2025-04-21,0.05,0.026596993576865856,0.649803867706175,0.42,0.026596993576865856,0.046596993576865864,0.0,False,-0.0022675669918239367,0.0048495,1.2350813954640076,1.0490729648514547,0.1860084306125529,-0.03771047309539788
2025-04-22,0.05,0.026596993576865856,0.32662484026364125,0.33333333333333337,0.026596993576865856,0.046596993576865864,0.0,False,0.00493011107788687,0.001691,1.2411704839338766,1.0508469472350186,0.19032353669885804,-0.03296627883867098
2025-04-23,0.1,0.039165722796764356,0.07264849315548574,0.42,0.039165722796764356,0.046596993576865864,0.0,False,-0.0020516476105146976,-0.00017999999999999988,1.2386240394762724,1.0506577947845164,0.18796624469175605,-0.03495029126197868
2025-04-24,0.2,0.08317269649392238,-0.0682676707168613,0.5238095238095238,0.08317269649392238,0.046596993576865864,0.0125687292198985,False,0.0033688402632650427,-0.00032049999999999993,1.242796766011508,1.050321058961288,0.1924757070502201,-0.03169919294712986
2025-04-25,0.45,0.401312339887548,-0.13704322273106045,0.5714285714285714,0.401312339887548,0.06317269649392238,0.044006973697158024,True,-0.0012006891701787183,0.0008275,1.241304553393825,1.0511901996375783,0.19011435375624663,-0.03286182123963355
2025-04-28,0.45,0.401312339887548,0.14897697896950512,0.38095238095238093,0.401312339887548,0.381312339887548,0.3181396433936256,True,-0.0009893938313870376,-0.0017629999999999998,1.2400764143258245,1.0493369513156172,0.19073946301020728,-0.03381870178779789
2025-04-29,0.5,0.5,0.13256545841633885,0.42,0.5,0.381312339887548,0.0,False,-0.0015883554634527675,-0.0009205000000000001,1.238106732178031,1.0483710366519312,0.1897356955260998,-0.03535334113149924
2025-04-30,0.7,0.8320183851339245,0.6943693778033375,0.42,0.8320183851339245,0.48,0.098687660112452,True,-0.0012169200000000002,-0.0010490000000000002,1.236600055333509,1.0472712954344834,0.18932875989902564,-0.03652723894360943
2025-05-06,0.8,0.9168273035060777,0.8836886803368176,0.42,0.9168273035060777,0.8120183851339244,0.33201838513392445,True,0.01594361591231519,0.010107,1.2563159316528942,1.05785606641744,0.19845986523545434,-0.02116599929934848
2025-05-07,0.55,0.5986876601124521,0.08164356078796331,0.47619047619047616,0.5986876601124521,0.8968273035060776,0.08480891837215321,True,0.0018040926020587995,0.004004499999999999,1.2585824419310379,1.0620922510354085,0.19649019089562936,-0.01940009212004079
2025-05-08,0.65,0.7685247834990178,-0.3401678497890558,0.8095238095238095,0.7685247834990178,0.6186876601124521,0.31813964339362555,True,0.004089558527963535,0.0040225,1.263729488489582,1.0663645171151985,0.19736497137438347,-0.015389871404250188
2025-05-09,0.45,0.401312339887548,-1.0932845481439846,0.9523809523809523,0.401312339887548,0.7485247834990177,0.16983712338656565,True,-0.003917717248673492,-0.0011324999999999998,1.258778553674869,1.0651568592995655,0.19362169437530352,-0.019247295488268312
2025-05-12,0.75,0.8807970779778823,-1.1595417408203468,0.9523809523809523,0.8807970779778823,0.421312339887548,0.36721244361146976,True,0.0066522190369963825,0.0073405,1.2671522243329878,1.072975643225254,0.19417658110773384,-0.012723113676729625
2025-05-13,0.3,0.16798161486607552,-0.7972946238025561,0.8571428571428572,0.16798161486607552,0.8607970779778823,0.4794847380903343,True,-0.0011719494242088395,0.0021095,1.2656671860132958,1.0752390853446376,0.19042810066865812,-0.013880152255191014
2025-05-14,0.4,0.3100255188723876,-1.8191053847819214,0.9523809523809523,0.3100255188723876,0.18798161486607556,0.7128154631118068,True,0.005806566986350891,0.0056879999999999995,1.2730163673113082,1.081355045262078,0.19166132204923025,-0.008154181302690633
2025-05-15,0.45,0.401312339887548,-1.1383799120885354,0.8571428571428572,0.401312339887548,0.2900255188723876,0.1420439040063121,True,-0.006479453014488705,-0.009055,1.2647679175726394,1.0715633753272298,0.19320454224540962,-0.014580799682556989
2025-05-16,0.95,0.973403006423134,0.36214698244636967,0.42,0.973403006423134,0.381312339887548,0.09128682101516039,True,-0.003660829808696807,-0.003432,1.2601378174789062,1.0678857698231068,0.1922520476557994,-0.018188251665141153
2025-05-19,0.75,0.8807970779778823,0.5760164681155182,0.42,0.8807970779778823,0.953403006423134,0.572090666535586,True,0.0024273098124359804,0.001973,1.2631965623682944,1.0699927084469678,0.19320385392132655,-0.015805090374442998
2025-05-20,0.8,0.9168273035060777,-0.3821610931193282,0.7142857142857143,0.9168273035060777,0.9007970779778823,0.09260592844525173,True,0.0041811991705314995,0.0036285,1.2684782387870868,1.0738751769895676,0.19460306179751918,-0.011689975434675426
2025-05-21,0.3,0.16798161486607552,-0.9690902131118935,0.7619047619047619,0.16798161486607552,0.9007970779778823,0.03603022552819535,True,0.0025322619022096734,0.005317,1.2716903579049494,1.0795849713056211,0.1921053865993283,-0.009187315611896674
2025-05-22,0.25,0.11920292202211755,-1.5350306366395015,0.9047619047619048,0.11920292202211755,0.18798161486607556,0.7488456886400021,True,-0.0025620314357841763,-0.0044045,1.2684322472314133,1.0748299392995055,0.1936023079319078,-0.011725808856272724
2025-05-23,0.95,0.973403006423134,0.0526019461590117,0.42,0.973403006423134,0.13920292202211754,0.04877869284395797,True,-0.010140378326315386,-0.0100325,1.2555698643631883,1.0640467079334832,0.19152315642970508,-0.021747283044603494
2025-05-26,1.0,0.9820137900379085,1.5242419581422912,0.42,0.9820137900379085,0.953403006423134,0.8542000844010165,True,0.003923862591084005,-0.000388,1.2604965479844554,1.0636338578108049,0.19686269017365055,-0.01790875380391599
2025-05-27,1.0,0.9820137900379085,1.0750382450238833,0.42,0.9820137900379085,0.953403006423134,0.008610783614774409,False,-0.003064528675716589,-0.002661,1.2566337201675153,1.0608035281151702,0.1958301920523451,-0.02091840059005412
2025-05-28,0.9,0.9608342772032357,-0.6015273889652218,0.42,0.9608342772032357,0.953403006423134,0.0,False,-0.0016784182962706182,0.00017599999999999991,1.2545245631398756,1.0609902295361184,0.19353433360375716,-0.02256170906004562
2025-05-29,0.85,0.9426758241011313,0.5164026029152173,0.23809523809523814,0.9426758241011313,0.953403006423134,0.021179512834672787,False,0.013230731006234961,0.008343499999999998,1.2711228401754937,1.0698426015162532,0.2012802386592405,-0.009629485957425077
2025-05-30,0.75,0.8807970779778823,0.21891817848293932,0.33333333333333337,0.8807970779778823,0.953403006423134,0.0181584531021044,False,-0.005802418342014936,-0.0023425,1.2637472536927055,1.0673364952222013,0.19641075847050415,-0.015376029993496299
2025-06-03,0.8,0.9168273035060777,-0.8494386357534142,0.6666666666666667,0.9168273035060777,0.9007970779778823,0.06187874612324895,True,0.0012620150779091314,0.001355,1.2653421217815322,1.0687827361732274,0.19655938560830477,-0.014133419697277105
2025-06-04,0.9,0.9608342772032357,0.6552868230185542,0.1428571428571429,0.9608342772032357,0.9007970779778823,0.03603022552819535,True,0.008167779013265588,0.006167000000000001,1.2756771566084202,1.0753739193072078,0.20030323730121236,-0.006081079332800776
2025-06-05,1.0,0.9820137900379085,1.9989131239144453,0.42,0.9820137900379085,0.9408342772032356,0.044006973697158,True,0.004934667687084065,0.0005660000000000001,1.281972199452287,1.0759825809455357,0.20598961850675135,-0.001176419751402813
2025-06-06,0.25,0.11920292202211755,1.288665338080684,0.42,0.11920292202211755,0.9620137900379084,0.021179512834672787,False,2.7919864322137297e-05,0.0003675,1.2820079919421603,1.0763780045440332,0.2056299873981271,-0.0011485327325606587
2025-06-09,0.85,0.9426758241011313,0.5031885574547761,0.42,0.9426758241011313,0.1392029220221176,0.8628108680157909,True,0.0022828939055174764,0.004395,1.2849346801737898,1.0811086858740042,0.20382599429978554,0.0
2025-06-10,0.6,0.6899744811276125,-0.20745158815860965,0.42,0.6899744811276125,0.9226758241011312,0.8234729020790137,True,-0.007767612367443721,-0.0038734999999999998,1.2749538056607146,1.0769210113792713,0.19803279428144327,-0.00776761236744361
2025-06-11,0.75,0.8807970779778823,-0.5210658313367126,0.6190476190476191,0.8807970779778823,0.7099744811276125,0.25270134297351876,True,0.006691363807443003,0.006229,1.2834849854120745,1.0836291523591528,0.19985583305292165,-0.0011282244802663932
2025-06-12,0.5,0.5,0.30028433895715634,0.4285714285714286,0.5,0.8607970779778823,0.1908225968502698,True,0.001565789884841768,0.0009095,1.285494653219579,1.0846147130732233,0.20087994014635568,0.0
2025-06-13,0.95,0.973403006423134,0.17438523331768896,0.42,0.973403006423134,0.52,0.3807970779778823,True,-0.0072058800000000004,-0.0071530000000000005,1.276231533007837,1.0768564640306106,0.19937506897722646,-0.007205879999999998
2025-06-16,1.0,0.9820137900379085,0.20403090620064424,0.42,0.9820137900379085,0.953403006423134,0.47340300642313404,True,0.00414315564203616,0.00287,1.281519158884363,1.0799470420823785,0.2015721168019846,-0.0030925794403415807
2025-06-17,1.0,0.9820137900379085,-0.2020244282391103,0.42,0.9820137900379085,0.953403006423134,0.008610783614774409,False,-0.0006137780272035314,-0.00067,1.2807325905831994,1.0792234775641834,0.20150911301901608,-0.003704459310237329
2025-06-18,0.95,0.973403006423134,-0.4201153637612892,0.42,0.973403006423134,0.953403006423134,0.0,False,-0.0016716958911321108,-0.00018,1.2785915951738824,1.0790292173382219,0.19956237783566055,-0.005369962471961753
2025-06-19,1.0,0.9820137900379085,-0.5792423922942934,0.42,0.9820137900379085,0.953403006423134,0.008610783614774409,False,-0.008440275653505842,-0.007557499999999999,1.2677999296623592,1.0708744540281883,0.19692547563417095,-0.013764914161955133
2025-06-20,0.8,0.9168273035060777,-1.4968643123995657,0.42,0.9168273035060777,0.953403006423134,0.008610783614774409,False,-0.006826435057754443,-0.001479,1.2591453757762934,1.0692906307106806,0.18985474506561273,-0.020497383927107538
2025-06-23,0.85,0.9426758241011313,-0.9564213577521855,0.9047619047619048,0.9426758241011313,0.9368273035060777,0.06518648653183079,True,0.0054525296677860905,0.0046194999999999995,1.2660109032937692,1.0742302187792487,0.19178068451452046,-0.015156616853296057
2025-06-24,0.8,0.9168273035060777,1.0143936258390778,0.19047619047619047,0.9168273035060777,0.9368273035060777,0.025848520595053603,False,0.01451381481975018,0.008427500000000001,1.2843855511039595,1.0832832939480108,0.20110225715594865,-0.0008627823638486243
2025-06-25,1.0,0.9820137900379085,1.2803511100421088,0.09523809523809523,0.9820137900379085,0.9368273035060777,0.025848520595053603,False,0.0163220563660158,0.011772499999999998,1.3053493644647745,1.0960362465260138,0.20931311793876062,0.0
2025-06-26,0.9,0.9608342772032357,0.11755759469660998,0.5238095238095238,0.9608342772032357,0.9620137900379084,0.06518648653183079,True,-0.0028687251218930433,-0.0014910000000000001,1.3016046759500872,1.0944020564824435,0.20720261946764373,-0.0028687251218930676
2025-06-27,1.0,0.9820137900379085,0.6959716237852217,0.42,0.9820137900379085,0.9620137900379084,0.021179512834672787,False,0.0027938392117557585,0.0004079999999999999,1.3052411501319612,1.0948485725214883,0.21039257761047292,-8.290066687066666e-05
2025-06-30,1.0,0.9820137900379085,1.8919979733123122,0.42,0.9820137900379085,0.9620137900379084,0.021179512834672787,False,0.00803089111923646,0.004174,1.3157233996930178,1.0994184704631929,0.21630492922982492,0.0
2025-07-01,0.6,0.6899744811276125,-0.7099677700187091,0.8095238095238095,0.6899744811276125,0.9620137900379084,0.0,False,0.004203436970636693,0.004974999999999999,1.3212539600744193,1.1048880773537473,0.21636588272067203,0.0
2025-07-02,0.3,0.16798161486607552,-3.000013673112142,0.9523809523809523,0.16798161486607552,0.7099744811276125,0.29203930891029595,True,-0.0014594820790918453,0.001321,1.3193256135977616,1.1063476345039314,0.2129779790938302,-0.0014594820790918561
2025-07-03,0.45,0.401312339887548,-1.403792346091971,0.8571428571428572,0.401312339887548,0.18798161486607556,0.521992866261537,True,0.0011378307437594733,0.001838,1.3208267828419424,1.1083811014561495,0.2124456813857929,-0.0003233119789118888
2025-07-04,0.3,0.16798161486607552,-0.5707060901968173,0.6666666666666667,0.16798161486607552,0.381312339887548,0.23333072502147248,True,0.0033252181453571504,0.0028005,1.3252188200271222,1.1114851227307774,0.21373369729634484,0.0
2025-07-07,0.35,0.23147521650098232,-1.6899110851398316,0.9047619047619048,0.23147521650098232,0.1879816148660755,0.23333072502147248,True,0.003961425841867194,0.0010789999999999999,1.3304685761069064,1.112684415178204,0.21778416092870234,0.0
2025-07-08,0.5,0.5,0.36183550621991595,0.19047619047619047,0.5,0.21147521650098233,0.0634936016349068,True,0.0028798694983103775,0.006808999999999999,1.3343001519776971,1.1202606833611526,0.21403946861654455,0.0
2025-07-09,0.65,0.7685247834990178,0.3058836596008201,0.23809523809523814,0.7685247834990178,0.48,0.26852478349901765,True,0.00024676000000000033,8.000000000000007e-05,1.3346294038831992,1.1203503042158216,0.21427909966737757,0.0
2025-07-10,0.65,0.7685247834990178,-1.2599266743595758,0.7619047619047619,0.7685247834990178,0.7485247834990177,0.26852478349901776,True,0.00580892102672028,0.0057535,1.3423821606902955,1.1267962396911273,0.21558592099916818,0.0
2025-07-11,0.9,0.9608342772032357,1.2419823133603067,0.42,0.9608342772032357,0.7485247834990177,0.0,False,0.004615610147886421,0.001686,1.3485780734135193,1.1286960181512466,0.21988205526227267,0.0
2025-07-14,0.55,0.5986876601124521,0.9877885172277672,0.19047619047619047,0.5986876601124521,0.9408342772032356,0.1923094937042179,True,-0.000713552907638251,0.0025905,1.3476157916080578,1.1316199051862674,0.21599588642179035,-0.000713552907638304
2025-07-15,1.0,0.9820137900379085,0.9079103124411549,0.42,0.9820137900379085,0.6186876601124521,0.36214661709078355,True,-0.00400263563179959,-0.0052485000000000006,1.3422217766225915,1.1256805981138973,0.21654117850869414,-0.00471333244714478
2025-07-16,1.0,0.9820137900379085,1.8689557682466043,0.42,0.9820137900379085,0.9620137900379084,0.38332612992545634,True,-0.001806299205511841,-0.0026370000000000005,1.3397973224938573,1.122712178376671,0.21708514411718638,-0.0065111179640020556
2025-07-17,1.0,0.9820137900379085,1.3556821011057965,0.42,0.9820137900379085,0.9620137900379084,0.0,False,0.012229089639267807,0.0056745,1.3561818240490857,1.1290830086328694,0.22709881541621635,0.0
2025-07-18,0.95,0.973403006423134,0.5805716681411396,0.42,0.973403006423134,0.9620137900379084,0.0,False,0.0034693766094286878,0.003851,1.360886929547574,1.1334311072991146,0.2274558222484595,0.0
2025-07-21,0.75,0.8807970779778823,-1.1847081174558187,0.7619047619047619,0.8807970779778823,0.9620137900379084,0.008610783614774409,False,0.0098509924528383,0.011578,1.3742930164197134,1.1465539726594238,0.22773904376028953,0.0
2025-07-22,0.2,0.08317269649392238,-1.3945203543913745,0.8095238095238095,0.08317269649392238,0.9007970779778823,0.09260592844525173,True,0.01025446203535457,0.012838,1.3883856519820423,1.1612734325604255,0.22711221942161686,0.0
2025-07-23,0.25,0.11920292202211755,-0.9866145272082991,0.6666666666666667,0.11920292202211755,0.10317269649392236,0.79762438148396,True,-0.0026965882701810873,-0.002495,1.3846417475184198,1.1583760553461873,0.22626569217223258,-0.002696588270181044
2025-07-24,0.4,0.3100255188723876,1.2530738133391732,0.1428571428571429,0.3100255188723876,0.10317269649392236,0.03603022552819517,True,0.003920788016451444,0.008397,1.3900706342891682,1.1681029390829292,0.22196769520623905,0.0
2025-07-25,0.6,0.6899744811276125,1.933738935474941,0.42,0.6899744811276125,0.2900255188723876,0.19082259685027006,True,-0.004391902140255411,-0.0030930000000000003,1.3839655800953274,1.1644899966923457,0.2194755834029818,-0.0043919021402554215
2025-07-28,0.85,0.9426758241011313,1.6109295557648204,0.42,0.9426758241011313,0.6699744811276125,0.3799489622552249,True,0.00022910517027337928,-0.0019344999999999998,1.3842826537652078,1.1622372907937444,0.22204536297146338,-0.0041638031774696715
2025-07-29,0.85,0.9426758241011313,1.5379124417117866,0.42,0.9426758241011313,0.9226758241011312,0.25270134297351876,True,0.005487238971970339,0.0023345,1.3918785434911707,1.1649505337491022,0.2269280097420685,0.0
2025-07-30,0.7,0.8320183851339245,-1.203080953913244,0.42,0.8320183851339245,0.9226758241011312,0.0,False,-0.005796577521226088,-0.0015415,1.383810411613693,1.1631547625013279,0.22065564911236502,-0.005796577521226087
2025-07-31,0.85,0.9426758241011313,-1.5573418592632846,0.42,0.9426758241011313,0.8520183851339245,0.11065743896720681,True,-0.01375046033228122,-0.0149695,1.364782381441401,1.1457429172840643,0.21903946415733677,-0.01946733224423869
2025-08-01,0.75,0.8807970779778823,-0.6634757963340219,0.42,0.8807970779778823,0.9226758241011312,0.11065743896720681,True,-0.004126206285380259,-0.002236,1.3591510078009212,1.143181036121017,0.21596997167990417,-0.023513212300953268
2025-08-04,0.7,0.8320183851339245,-0.42242537645688605,0.42,0.8320183851339245,0.9007970779778823,0.06187874612324895,True,0.00837360442079791,0.0059074999999999996,1.3705320006883748,1.149934378091902,0.22059762259647275,-0.015336498218625816
2025-08-05,0.4,0.3100255188723876,-0.3558414971524664,0.5714285714285714,0.3100255188723876,0.8520183851339245,0.04877869284395786,True,0.007730034373031085,0.00891,1.381126260163035,1.1601802934007008,0.22094596676233413,-0.007725015503986743
2025-08-06,0.35,0.23147521650098232,-0.3483120683203009,0.5238095238095238,0.23147521650098232,0.3300255188723876,0.5219928662615368,True,0.00694571108878252,0.007285999999999999,1.3907191641432581,1.1686333670184181,0.22208579712484,-0.0008329601410511644
2025-08-07,0.3,0.16798161486607552,-0.6478300574385109,0.6190476190476191,0.16798161486607552,0.2514752165009823,0.07855030237140528,True,0.0008693865060322632,-0.00032900000000000014,1.3919282366182448,1.168248886640669,0.22367934997757577,0.0
2025-08-08,0.15,0.057324175898868755,-1.1318170416299047,0.7619047619047619,0.057324175898868755,0.1879816148660755,0.0634936016349068,True,0.0017329054307838616,1.1500000000000122e-05,1.3943403166187422,1.1682623215028656,0.22607799511587667,0.0
2025-08-11,0.3,0.16798161486607552,0.6432108819188271,0.42,0.16798161486607552,0.07732417589886877,0.11065743896720676,True,-0.002291358905471294,0.0040585000000000005,1.3911453825170002,1.173003714134685,0.2181416683823152,-0.0022913589054713857
2025-08-12,0.25,0.11920292202211755,0.8029905969175821,0.33333333333333337,0.11920292202211755,0.14798161486607553,0.11065743896720676,True,0.004106946342871204,0.0039854999999999995,1.3968587419581304,1.1776787204373687,0.21918002152076177,0.0
2025-08-13,0.45,0.401312339887548,1.145827579653371,0.42,0.401312339887548,0.14798161486607553,0.04877869284395797,True,-0.00261641686340867,0.004293,1.3932039771898714,1.1827344951842065,0.21046948200566495,-0.0026164168634086327
2025-08-14,0.55,0.5986876601124521,0.8409306572211004,0.42,0.5986876601124521,0.381312339887548,0.2821094178654304,True,-0.010090973967129123,-0.010208,1.3791451921251476,1.1706611414573662,0.20848405066778142,-0.012680988636081914
2025-08-15,0.65,0.7685247834990178,0.9167457059883126,0.42,0.7685247834990178,0.5786876601124521,0.19737532022490412,True,0.014325828688159147,0.012759,1.3989025898836307,1.1855976069612206,0.21330498292241007,0.0
2025-08-18,0.85,0.9426758241011313,2.281017375237754,0.42,0.9426758241011313,0.7485247834990177,0.16983712338656565,True,0.009369154108854454,0.005562500000000001,1.4120091238315262,1.1921924936499424,0.21981663018158382,0.0
2025-08-19,0.8,0.9168273035060777,0.6071429369178655,0.42,0.9168273035060777,0.9226758241011312,0.1741510406021135,True,-0.0011257316539251042,-0.0015725000000000001,1.410419580465198,1.1903177709536779,0.22010180951152014,-0.001125731653925155
2025-08-20,0.55,0.5986876601124521,-0.7318900495423116,0.7619047619047619,0.5986876601124521,0.9226758241011312,0.025848520595053603,False,0.010183700752490981,0.0087335,1.4247828714081094,1.2007134112063018,0.22406946020180762,0.0
2025-08-21,0.3,0.16798161486607552,-1.3463666935517176,0.9047619047619048,0.16798161486607552,0.6186876601124521,0.31813964339362555,True,0.0030854008557074926,0.003563,1.4291788976987494,1.2049915530904298,0.22418734460831957,0.0
2025-08-22,0.25,0.11920292202211755,0.14069621384153297,0.47619047619047616,0.11920292202211755,0.18798161486607556,0.43070604524637657,True,0.002426278703076437,0.0064535,1.4326464840211222,1.2127679660782988,0.21987851794282331,0.0
2025-08-25,0.1,0.039165722796764356,1.4665413253014234,0.1428571428571429,0.039165722796764356,0.13920292202211754,0.04877869284395797,True,0.008590412453879818,0.012894,1.4449535082194644,1.2284053962329124,0.216548111986552,0.0
2025-08-26,0.4,0.3100255188723876,0.2698430465926457,0.4285714285714286,0.3100255188723876,0.05916572279676437,0.08003719922535318,True,-0.0018835978939051204,-0.0005319999999999999,1.4422317968345915,1.2277518845621165,0.21447991227247498,-0.0018835978939051312
2025-08-27,1.0,0.9820137900379085,0.37781041037609087,0.42,0.9820137900379085,0.29002551887238764,0.27085979607562327,True,-0.015664811937769366,-0.015022500000000001,1.4196395069665064,1.209307981876282,0.21033152509022446,-0.01751890362490005
2025-08-28,1.0,0.9820137900379085,1.282294782757441,0.42,0.9820137900379085,0.9620137900379084,0.6719882711655208,True,0.01949328542753814,0.0101315,1.447312945080014,1.2215600856946616,0.2257528593853524,0.0
2025-08-29,1.0,0.9820137900379085,1.1697666966928288,0.42,0.9820137900379085,0.9620137900379084,0.0,False,0.005281147654370481,0.0030815000000000005,1.4549564184450632,1.2253243230987296,0.22963209534633355,0.0
2025-09-01,1.0,0.9820137900379085,0.5397829437194713,0.42,0.9820137900379085,0.9620137900379084,0.0,False,0.008471493566306653,0.0033935000000000002,1.467282072383177,1.2294824611891653,0.23779961119401172,0.0
2025-09-02,0.9,0.9608342772032357,-1.8468319549680752,0.9523809523809523,0.9608342772032357,0.9620137900379084,0.0,False,-0.018755231050762083,-0.008735999999999999,1.4397628580989896,1.2187417024082168,0.22102115569077285,-0.018755231050761934
2025-09-03,0.95,0.973403006423134,-2.118506808205885,0.42,0.973403006423134,0.9620137900379084,0.021179512834672787,False,-0.01616860323044577,-0.012442,1.4164839037004544,1.203578118146854,0.2129057855536005,-0.03462058839185267
2025-09-04,0.85,0.9426758241011313,-1.4475769116530692,0.42,0.9426758241011313,0.9620137900379084,0.012568729219898378,False,-0.02200213725627914,-0.011775,1.385318230429927,1.1894059858056747,0.19591224462425227,-0.055860998710441145
2025-09-05,0.75,0.8807970779778823,-0.5724745608236591,0.42,0.8807970779778823,0.9620137900379084,0.030727182322002777,True,0.03011932706011752,0.0173525,1.427043083294589,1.210045153174368,0.21699793012022117,-0.027424167340388217
2025-09-08,0.65,0.7685247834990178,0.2277870383506937,0.6190476190476191,0.7685247834990178,0.9007970779778823,0.06187874612324895,True,0.010298553339443475,0.0091655,1.4417395626055822,1.2211358220257875,0.2206037405797947,-0.017408043251089578
2025-09-09,0.4,0.3100255188723876,-1.5051064960070895,0.8571428571428572,0.3100255188723876,0.7885247834990178,0.11227229447886455,True,-0.0032422568756752183,-0.0015439999999999998,1.4370650725957912,1.2192503883165797,0.21781468427921147,-0.02059385877884201
2025-09-10,0.35,0.23147521650098232,-0.557805133532561,0.6190476190476191,0.23147521650098232,0.3300255188723876,0.45849926462663015,True,-0.003633576975181154,-0.003347,1.4318433860361701,1.2151695572668841,0.21667382876928598,-0.02415260638293426
2025-09-11,0.25,0.11920292202211755,0.9705423364378821,0.19047619047619047,0.11920292202211755,0.2514752165009823,0.07855030237140528,True,0.010743979448472291,0.016510499999999997,1.4472270819491737,1.235232614242139,0.21199446770703467,-0.013668122041067154
2025-09-12,0.45,0.401312339887548,1.1315412573322596,0.42,0.401312339887548,0.13920292202211754,0.11227229447886478,True,-0.005134803140069883,-0.0021639999999999997,1.4397958557843868,1.232559570864919,0.20723628491946777,-0.018732742065161845
2025-09-15,0.65,0.7685247834990178,0.7149517112116532,0.42,0.7685247834990178,0.381312339887548,0.2821094178654304,True,-0.00018861761802574609,0.00040849999999999995,1.4395242849196255,1.2330630714496174,0.20646121347000812,-0.0189178263580001
2025-09-16,1.0,0.9820137900379085,0.32155039360206195,0.42,0.9820137900379085,0.7485247834990177,0.36721244361146976,True,0.0016418766714859216,0.0008629999999999998,1.4418878062610723,1.2341272048802785,0.20776060138079377,-0.01730701042428673
2025-09-17,0.9,0.9608342772032357,0.09614610601822693,0.42,0.9608342772032357,0.9620137900379084,0.2134890065388907,True,0.010365922210427467,0.0067405,1.4568343030969386,1.2424458393047741,0.21438846379216447,-0.007120491337612389
2025-09-18,1.0,0.9820137900379085,1.3063284417304977,0.42,0.9820137900379085,0.9620137900379084,0.021179512834672787,False,-0.007507576163237066,-0.0113215,1.445897008609222,1.2283794887350852,0.2175175198741368,-0.014574609869812627
2025-09-19,0.8,0.9168273035060777,-0.0406429658205637,0.42,0.9168273035060777,0.9620137900379084,0.021179512834672787,False,-0.004403655137926469,0.0007940000000000002,1.4395297768183475,1.2293548220491408,0.21017495476920667,-0.01891408345210266
2025-09-22,0.6,0.6899744811276125,-0.651711461237283,0.42,0.6899744811276125,0.9368273035060777,0.06518648653183079,True,0.00869274083150227,0.0016654999999999997,1.4520432360874598,1.2314023125052638,0.220640923582196,-0.01038575784611484
2025-09-23,0.25,0.11920292202211755,-0.20624202897657312,0.42,0.11920292202211755,0.7099744811276125,0.22685282237846516,True,-0.00429289315254942,-0.0021794999999999996,1.4458097696220542,1.2287184711651586,0.21709129845689557,-0.014634066049922678
2025-09-24,0.55,0.5986876601124521,-0.7098006636651795,0.7619047619047619,0.5986876601124521,0.1392029220221176,0.5707715591054949,True,0.005824868426038494,0.0117055,1.4542314212991836,1.2431012352293822,0.21113018606980138,-0.008894439133163012
2025-09-25,0.25,0.11920292202211755,0.9603043105499365,0.42,0.11920292202211755,0.5786876601124521,0.47948473809033454,True,0.00010830390258508043,-0.0005809999999999998,1.454388920237372,1.2423789934117138,0.21200992682565833,-0.008787098533047377
2025-09-26,0.2,0.08317269649392238,-0.6690988327057411,0.7142857142857143,0.08317269649392238,0.1392029220221176,0.47948473809033454,True,0.00032499556403809527,-0.0043715,1.4548615901848354,1.2369479336420144,0.21791365654282102,-0.008464958737053219
2025-09-29,0.25,0.11920292202211755,-1.2070774071813803,0.7619047619047619,0.11920292202211755,0.10317269649392238,0.03603022552819517,True,0.0064809456264856725,0.0095385,1.4642904690448857,1.2487465615070585,0.21554390753782715,-0.0020388740478729517
2025-09-30,0.45,0.401312339887548,0.5726369949869736,0.23809523809523814,0.401312339887548,0.10317269649392238,0.03603022552819517,True,-0.0004394624358833485,0.003305,1.4636469683885185,1.2528736688928392,0.21077329949567924,-0.0024774404752007095
2025-10-09,0.45,0.401312339887548,0.15102768663277333,0.38095238095238093,0.401312339887548,0.381312339887548,0.2821094178654304,True,0.009491616844661821,0.010904,1.477539344608313,1.2665350033784468,0.2110043412298661,0.0
2025-10-10,0.2,0.08317269649392238,-3.0174448662437947,0.9523809523809523,0.08317269649392238,0.381312339887548,0.0,False,0.00039073070881988305,-0.0027754999999999998,1.478116664603741,1.26301973547657,0.21509692912717093,0.0
2025-10-13,0.35,0.23147521650098232,-2.5023446887121876,0.9047619047619048,0.23147521650098232,0.10317269649392241,0.3181396433936256,True,-0.00230982928926361,-0.0031515000000000002,1.4747024674388907,1.2590393287802155,0.21566313865867515,-0.0023098292892634875
2025-10-14,0.05,0.026596993576865856,-2.771911670458292,0.9047619047619048,0.026596993576865856,0.21147521650098233,0.14830252000705996,True,0.002288799649452464,-0.006974,1.4780777659294115,1.2502587885013023,0.2278189774281092,-2.631637627859007e-05
2025-10-15,0.1,0.039165722796764356,-2.7322421660311598,0.8571428571428572,0.039165722796764356,0.046596993576865836,0.20487822292411648,True,0.004451618668699247,0.007367,1.484657604506012,1.2594694449961914,0.22518815950982063,0.0
2025-10-16,0.05,0.026596993576865856,-0.766381525008149,0.7142857142857143,0.026596993576865856,0.046596993576865836,0.0125687292198985,False,0.005403861560156751,-0.0023720000000000004,1.4926804886649965,1.2564819834726604,0.2361985051923361,0.0
2025-10-17,0.05,0.026596993576865856,-1.488387628854583,0.42,0.026596993576865856,0.046596993576865836,0.0125687292198985,False,-0.009475745111188143,-0.015039,1.4785362288219632,1.237585750923215,0.24095047789874813,-0.009475745111188094
2025-10-20,0.05,0.026596993576865856,-0.9912216920458042,0.6666666666666667,0.026596993576865856,0.046596993576865836,0.0,False,0.007883645411427234,0.0039005,1.4901924841779446,1.242412954144691,0.24777953003325348,-0.0016668031142265116
2025-10-21,0.05,0.026596993576865856,0.5637732665385536,0.19047619047619047,0.026596993576865856,0.046596993576865836,0.0,False,-0.0005621058607721826,0.0078925,1.4893548382489095,1.252218698385278,0.23713613986363136,-0.002227972055199423
2025-10-22,0.05,0.026596993576865856,0.5812727674362025,0.09523809523809523,0.026596993576865856,0.046596993576865836,0.0,False,0.0024836502045669294,-0.0012270000000000002,1.493053874697599,1.2506822260423593,0.24237164865523964,0.0
2025-10-23,0.05,0.026596993576865856,-1.0792109612520528,0.6666666666666667,0.026596993576865856,0.046596993576865836,0.0,False,0.006152074067172687,0.0034575,1.502239252721018,1.2550064598389006,0.2472327928821174,0.0
2025-10-24,0.3,0.16798161486607552,1.2825494540764448,0.04761904761904767,0.16798161486607552,0.046596993576865836,0.0,False,-0.003989323343905087,0.0055335,1.4962463346020074,1.2619510380844192,0.23429529651758818,-0.003989323343905116
2025-10-27,0.25,0.11920292202211755,2.530044192546344,0.0,0.11920292202211755,0.14798161486607553,0.14138462128920967,True,0.007409416368723396,0.0114615,1.5073326466852501,1.276414889907424,0.23091775677782622,0.0
2025-10-28,0.35,0.23147521650098232,1.1974037402491664,0.42,0.23147521650098232,0.14798161486607553,0.04877869284395797,True,-0.00559971322933723,-0.005423,1.4988920161225947,1.269492891959456,0.2293991241631388,-0.0055997132293372776
2025-10-29,0.45,0.401312339887548,1.945967067291746,0.42,0.401312339887548,0.21147521650098233,0.11227229447886478,True,0.003897699715329605,0.0092155,1.5047342471071454,1.2811919037053083,0.2235423434018371,-0.0017238395146677021
2025-10-30,0.2,0.08317269649392238,1.2897693810118405,0.42,0.08317269649392238,0.381312339887548,0.16983712338656567,True,-0.005922128948165159,-0.0066555,1.4958230168630569,1.2726649309901976,0.22315808587285924,-0.007635759662940944
2025-10-31,0.1,0.039165722796764356,0.175833309227456,0.42,0.039165722796764356,0.10317269649392241,0.3181396433936256,True,0.00020704908819548076,-0.0017505,1.4961327256548003,1.2704371310284992,0.22569559462630107,-0.007430291551821289
2025-11-03,0.05,0.026596993576865856,-1.1341651030879143,0.6666666666666667,0.026596993576865856,0.05916572279676437,0.044006973697158024,True,0.0065627035836566825,0.0021645,1.505951401255081,1.2731869921986103,0.23276440905647067,-0.000916350769159413
2025-11-04,0.05,0.026596993576865856,-2.0882298247494453,0.7619047619047619,0.026596993576865856,0.046596993576865864,0.0125687292198985,False,0.0032708138864915998,-0.006364000000000001,1.5108770880106877,1.2650844301802584,0.24579265783042925,0.0
2025-11-05,0.1,0.039165722796764356,-1.1363011107150274,0.6666666666666667,0.039165722796764356,0.046596993576865864,0.0,False,0.004741711438711409,0.0027150000000000004,1.518041231181395,1.2685191344081979,0.24952209677319703,0.0
2025-11-06,0.1,0.039165722796764356,0.5689930979432359,0.2857142857142857,0.039165722796764356,0.046596993576865864,0.0125687292198985,False,0.004137621686726472,0.010157000000000001,1.524322311500876,1.2814034832563819,0.24291882824449407,0.0
2025-11-07,0.2,0.08317269649392238,0.577072586607432,0.2857142857142857,0.08317269649392238,0.046596993576865864,0.0,False,-6.598134290484206e-05,-0.000708,1.5242217346677434,1.2804962495902363,0.24372548507750702,-6.59813429048084e-05
2025-11-10,0.05,0.026596993576865856,-0.7315966286860515,0.47619047619047616,0.026596993576865856,0.06317269649392238,0.044006973697158024,True,0.0079430999571904,0.00468,1.5363287802631314,1.2864889720383186,0.24983980822481278,0.0
2025-11-11,0.1,0.039165722796764356,-0.5088848901184841,0.47619047619047616,0.039165722796764356,0.046596993576865864,0.05657570291705652,True,-0.003004360853348804,-0.005167999999999999,1.5317130942178359,1.2798403970308245,0.25187269718701133,-0.003004360853348653
2025-11-12,0.2,0.08317269649392238,0.04616239446284742,0.47619047619047616,0.08317269649392238,0.046596993576865864,0.0125687292198985,False,0.0017506770220494577,-0.0015704999999999998,1.5343946291362554,1.2778304076872875,0.25656422144896784,-0.0012589434968111046
2025-11-13,0.15,0.057324175898868755,0.37116300624476606,0.4285714285714286,0.057324175898868755,0.06317269649392238,0.044006973697158024,True,0.0028322375373949,0.007978500000000001,1.538740399202072,1.2880255775950207,0.2507148216070514,0.0
2025-11-14,0.1,0.039165722796764356,0.9313129552505699,0.42,0.039165722796764356,0.06317269649392238,0.025848520595053624,False,-0.005358484984889639,-0.0087985,1.5304950818773047,1.2766928845505507,0.2538021973267539,-0.0053584849848896665
2025-11-17,0.1,0.039165722796764356,0.8720283336958581,0.42,0.039165722796764356,0.06317269649392238,0.0181584531021044,False,-0.006035131865245655,-0.004335,1.5212583422390653,1.271158420896024,0.25009992134304126,-0.011361277686653515
2025-11-18,0.45,0.401312339887548,1.7207539868513244,0.42,0.401312339887548,0.06317269649392238,0.0,False,-0.012386108932790928,-0.010630500000000001,1.5024158706971753,1.257645371302689,0.24477049939448636,-0.023606664596401816
2025-11-19,0.2,0.08317269649392238,0.5080326627151124,0.42,0.08317269649392238,0.381312339887548,0.36214661709078366,True,-0.0015864068478224763,-0.0023014999999999997,1.5000324278716242,1.2547509004806359,0.2452815273909883,-0.0251556216698543
2025-11-20,0.2,0.08317269649392238,-0.723911151515959,0.42,0.08317269649392238,0.10317269649392241,0.3181396433936256,True,-0.0026135069745371357,-0.0044655,1.49611208265935,1.2491478103345395,0.24696427232481044,-0.027703384251708374
2025-11-21,0.05,0.026596993576865856,-0.22054842583631062,0.42,0.026596993576865856,0.10317269649392241,0.0,False,-0.017433530901170616,-0.024216500000000002,1.4700295664346934,1.218897822385573,0.2511317440491203,-0.044653947347459866
2025-11-24,0.75,0.8807970779778823,0.6888082787049754,0.42,0.8807970779778823,0.046596993576865864,0.05657570291705652,True,-0.005354343243914995,-0.001125,1.4621585235572985,1.2175265623353893,0.24463196122190922,-0.04976919803008084
2025-11-25,0.3,0.16798161486607552,1.396159018643487,0.42,0.16798161486607552,0.8607970779778823,0.8542000844010165,True,0.01024945290293156,0.008088999999999999,1.477144848481119,1.2273751346981203,0.24976971378299861,-0.04002985217837529
2025-11-26,0.85,0.9426758241011313,0.9813980472066982,0.42,0.9426758241011313,0.18798161486607556,0.7128154631118068,True,-0.004422989990856042,-0.0021490000000000003,1.4706114516012425,1.224737505533654,0.2458739460675885,-0.04427579053371089
2025-11-27,0.65,0.7685247834990178,0.43843829136378665,0.42,0.7685247834990178,0.9226758241011312,0.7746942092350557,True,-0.0012648936810983372,-1.799999999999996e-05,1.4687512844687611,1.2247154602585544,0.24403582421020675,-0.04548468004713757
2025-11-28,0.55,0.5986876601124521,0.49423526408901547,0.4285714285714286,0.5986876601124521,0.7885247834990178,0.1741510406021135,True,0.008711773732155365,0.0063225,1.4815467133278655,1.2324587237560392,0.24908798957182632,-0.03716915855583236
2025-12-01,0.75,0.8807970779778823,0.4219335387540364,0.5238095238095238,0.8807970779778823,0.6186876601124521,0.16983712338656565,True,0.010699378140865683,0.010039,1.497398341847117,1.244831376883826,0.2525669649632911,-0.02686746729753331
2025-12-02,0.55,0.5986876601124521,-0.6383510355712557,0.7619047619047619,0.5986876601124521,0.8607970779778823,0.2821094178654302,True,-0.007325408825056803,-0.004859,1.4864292868191247,1.2387827412235475,0.2476465455955772,-0.03399606094054186
2025-12-03,0.15,0.057324175898868755,-0.6279917863996995,0.7619047619047619,0.057324175898868755,0.6186876601124521,0.2821094178654302,True,-0.0038911470710649735,-0.0034215,1.4806453718533732,1.2345442460744511,0.24610112577892207,-0.03775492433865035
2025-12-04,0.7,0.8320183851339245,0.2826599035197016,0.42,0.8320183851339245,0.07732417589886875,0.5413634842135834,True,-0.0032191106479711623,-0.001066,1.4758790105709707,1.2332282219081356,0.24265078866283507,-0.04085249770766963
2025-12-05,1.0,0.9820137900379085,1.0673092430373854,0.42,0.9820137900379085,0.8120183851339244,0.7746942092350557,True,0.009613900426211882,0.0067555,1.490067964419736,1.241559295161236,0.24850866925850013,-0.03163134912658139
2025-12-08,1.0,0.9820137900379085,1.524209724860988,0.42,0.9820137900379085,0.9620137900379084,0.149995404903984,True,0.011969774564099788,0.0034409999999999996,1.5079037420390276,1.2458315006958858,0.2620722413431418,-0.020040194680685075
2025-12-09,1.0,0.9820137900379085,1.402993450506742,0.42,0.9820137900379085,0.9620137900379084,0.0,False,-0.00632247586743366,-0.007131000000000001,1.498370057019573,1.2369474762644235,0.26142258075514957,-0.026235966900871266
2025-12-10,1.0,0.9820137900379085,0.2918207901792304,0.42,0.9820137900379085,0.9620137900379084,0.0,False,0.0032612267482285094,0.0016950000000000001,1.5032565815282701,1.2390441022366916,0.26421247929157854,-0.023060301589665433
2025-12-11,1.0,0.9820137900379085,0.007585262293696604,0.42,0.9820137900379085,0.9620137900379084,0.0,False,-0.007270566540478498,-0.0076545,1.4923270545248566,1.2295598391561209,0.2627672153687357,-0.03016320667299277
2025-12-12,1.0,0.9820137900379085,0.6846750666535606,0.42,0.9820137900379085,0.9620137900379084,0.0,False,0.010784385981785802,0.0059605000000000005,1.508420885491914,1.236888630577411,0.27153225491450317,-0.019704112354416936
2025-12-15,0.95,0.973403006423134,-0.7259594594000245,0.9523809523809523,0.973403006423134,0.9620137900379084,0.0,False,-0.003938021209988182,0.0007930000000000004,1.5024806920512577,1.237869483261459,0.2646112087897987,-0.02356453835202954
2025-12-16,0.9,0.9608342772032357,-1.558586547425403,0.42,0.9608342772032357,0.9620137900379084,0.008610783614774409,False,-0.015254839211755758,-0.012868999999999998,1.4795605906752483,1.2219393408813672,0.257621249793881,-0.038459904320125804
2025-12-17,1.0,0.9820137900379085,0.34349018629594436,0.42,0.9820137900379085,0.9620137900379084,0.012568729219898378,False,0.018513256805642486,0.011048500000000001,1.5069520758499273,1.235439937689095,0.2715121381608323,-0.020658665599882164
2025-12-18,0.9,0.9608342772032357,-0.8601810811736205,0.9047619047619048,0.9608342772032357,0.9620137900379084,0.021179512834672787,False,-0.0034225791655065458,0.0017759999999999998,1.5017944130717065,1.2376340790184308,0.26416033405327566,-0.024010538846919394
2025-12-19,0.7,0.8320183851339245,-1.3231840331304088,0.9047619047619048,0.8320183851339245,0.9620137900379084,0.021179512834672787,False,0.010280122289167163,0.006049,1.5172330432912715,1.2451205275624133,0.2721125157288582,-0.013977247833327433
2025-12-22,0.85,0.9426758241011313,1.5557377876576248,0.0,0.9426758241011313,0.8520183851339245,0.1288158920693112,True,0.008009763986645569,0.003185,1.5293857218807747,1.2490862364426996,0.28029948543807515,-0.00607943830300961
2025-12-23,0.7,0.8320183851339245,1.0297166860779052,0.42,0.8320183851339245,0.9226758241011312,0.11065743896720681,True,0.00032252715370080146,-0.0004999999999999999,1.5298789903045635,1.2484616933244783,0.2814172969800852,-0.005758871933240761
2025-12-24,0.6,0.6899744811276125,0.13660624850033376,0.6190476190476191,0.6899744811276125,0.8520183851339245,0.11065743896720681,True,0.013148816245386252,0.009544500000000001,1.5499950880257554,1.2603776359564138,0.28961745206934153,0.0
2025-12-25,0.55,0.5986876601124521,0.3787049023213056,0.4285714285714286,0.5986876601124521,0.7099744811276125,0.14204390400631195,True,0.005485808387248128,0.004731999999999999,1.5584980640798405,1.2663417429297594,0.29215632115008106,0.0
2025-12-26,0.45,0.401312339887548,-0.47888056862100903,0.6666666666666667,0.401312339887548,0.6186876601124521,0.09128682101516039,True,0.005686294584955249,0.005437999999999999,1.5673601431822808,1.2732281093278115,0.2941320338544693,0.0
2025-12-29,0.95,0.973403006423134,-0.7730090990656322,0.8095238095238095,0.973403006423134,0.421312339887548,0.19737532022490412,True,-0.003431950241042021,-0.0035285,1.5619810411610866,1.2687355239440483,0.2932455172170383,-0.0034319502410420366
2025-12-30,1.0,0.9820137900379085,-0.27528289763620006,0.5714285714285714,0.9820137900379085,0.953403006423134,0.572090666535586,True,0.0035587933170510154,0.002214,1.5675398088517312,1.2715445043940603,0.29599530445767086,0.0
2025-12-31,1.0,0.9820137900379085,-0.4047699615179183,0.6190476190476191,0.9820137900379085,0.953403006423134,0.008610783614774409,False,0.0014187435647972613,0.0017859999999999998,1.569763745868103,1.2738154828789081,0.29594826298919497,0.0
2026-01-05,1.0,0.9820137900379085,0.7378494413749135,0.23809523809523814,0.9820137900379085,0.953403006423134,0.0,False,0.026368513751823645,0.014522,1.6111560827881404,1.2923138313212754,0.31884225146686496,0.0
2026-01-06,0.9,0.9608342772032357,0.5259598624197923,0.33333333333333337,0.9608342772032357,0.953403006423134,0.0,False,0.020625656423598645,0.016701,1.6443872345965198,1.313896764618172,0.33049046997834775,0.0
2026-01-07,1.0,0.9820137900379085,-0.08570298609491145,0.5714285714285714,0.9820137900379085,0.953403006423134,0.021179512834672787,False,0.00626671796121926,0.0032865,1.6546921456147654,1.3182148863350895,0.33647725927967587,0.0
2026-01-08,1.0,0.9820137900379085,0.6315151671622105,0.23809523809523814,0.9820137900379085,0.953403006423134,0.021179512834672787,False,0.002356275699250159,-0.00013200000000000017,1.6585910565072175,1.3180408819700933,0.3405501745371242,0.0
2026-01-09,1.0,0.9820137900379085,1.0848945283505165,0.04761904761904767,0.9820137900379085,0.953403006423134,0.0,False,0.02252337585645425,0.013526500000000002,1.695948126265083,1.3358693619600617,0.3600787643050214,0.0
2026-01-12,1.0,0.9820137900379085,1.3396316081229187,0.04761904761904767,0.9820137900379085,0.953403006423134,0.0,False,0.022348075676041974,0.012745,1.7338493033334965,1.3528950169782428,0.38095428635525375,0.0
2026-01-13,0.9,0.9608342772032357,0.34325013160632145,0.42,0.9608342772032357,0.953403006423134,0.0,False,-0.012749027819399556,-0.007709000000000001,1.7117444103306512,1.3424655492923576,0.36927886103829355,-0.012749027819399572
2026-01-14,1.0,0.9820137900379085,0.9106575982855025,0.42,0.9820137900379085,0.953403006423134,0.021179512834672787,False,0.006875834135721958,0.00018949999999999967,1.723514080978834,1.3427199465139485,0.3807941344648855,-0.00596085388435541
2026-01-15,0.7,0.8320183851339245,1.1362482877601203,0.42,0.8320183851339245,0.953403006423134,0.021179512834672787,False,0.002614395452988027,-0.0003495000000000001,1.728020028355306,1.3422506658926419,0.38576936246266413,-0.003362042460658632
2026-01-16,1.0,0.9820137900379085,0.5677119585447095,0.42,0.9820137900379085,0.8520183851339245,0.149995404903984,True,0.0006967037355359886,-0.0025915,1.7292239463641423,1.3387722232919812,0.39045172307216114,-0.0026676810726639077
2026-01-19,0.7,0.8320183851339245,-0.2973007032362348,0.42,0.8320183851339245,0.9620137900379084,0.149995404903984,True,0.003897834523566501,0.0058905,1.7359641751612584,1.3466582610732827,0.38930591408797577,0.0
2026-01-20,0.3,0.16798161486607552,-3.3197657353653938,0.9523809523809523,0.16798161486607552,0.8520183851339245,0.149995404903984,True,-0.0025689559318182588,0.0050885,1.7315045596960539,1.353510731634754,0.3779938280612998,-0.002568955931818273
2026-01-21,0.35,0.23147521650098232,-1.1407351775054269,0.9047619047619048,0.23147521650098232,0.18798161486607556,0.6640367702678489,True,-0.0034553646611721954,0.0026655,1.7255215800298216,1.3571185144899265,0.3684030655398951,-0.006015443913447549
2026-01-22,0.2,0.08317269649392238,0.35353439178154134,0.47619047619047616,0.08317269649392238,0.21147521650098233,0.0634936016349068,True,0.005447530771310913,0.006009,1.734921411933595,1.3652734396434965,0.3696479722900985,-0.0006006824579583014
2026-01-23,0.2,0.08317269649392238,0.6217026469644567,0.2857142857142857,0.08317269649392238,0.1031726964939224,0.14830252000705996,True,0.0026929105511878685,0.0130505,1.7395934001092728,1.383090940667564,0.3565024594417088,0.0
2026-01-26,0.1,0.039165722796764356,-0.34542687477508927,0.7142857142857143,0.039165722796764356,0.1031726964939224,0.0,False,0.0050252140180776375,-0.003178,1.748335229249257,1.3786954776581224,0.3696397515911347,0.0
2026-01-27,0.15,0.057324175898868755,-0.737366087187354,0.42,0.057324175898868755,0.05916572279676435,0.044006973697158024,True,-0.0058039819604080315,-0.0013855000000000004,1.7381879231179487,1.376785295073827,0.3614026280441216,-0.005803981960407989
2026-01-28,0.05,0.026596993576865856,-0.7787878607813019,0.8571428571428572,0.026596993576865856,0.05916572279676435,0.0181584531021044,False,0.013356940400616002,0.011613,1.7614047956121055,1.3927739027055195,0.368630892906586,0.0
2026-01-29,0.05,0.026596993576865856,-3.612096513391574,0.9523809523809523,0.026596993576865856,0.046596993576865864,0.0307271823220029,True,0.011647904274439028,0.0013815,1.7819214700599333,1.394698019852107,0.3872234502078262,0.0
2026-01-30,0.1,0.039165722796764356,-2.1032591937002794,0.8571428571428572,0.039165722796764356,0.046596993576865864,0.0,False,-0.011510008372374864,-0.015013,1.761411539020629,1.3737594184800672,0.38765212054056186,-0.011510008372374814
2026-02-02,0.3,0.16798161486607552,0.19061904223400372,0.42,0.16798161486607552,0.046596993576865864,0.0125687292198985,False,-0.028859157961622486,-0.03538,1.7105786851806082,1.3251558102542424,0.38542287492636573,-0.040036997184239254
2026-02-03,0.25,0.11920292202211755,0.9109638856679924,0.42,0.11920292202211755,0.14798161486607553,0.12881589206931116,True,0.010684875304196186,0.020578,1.7288560051297788,1.3524248665176541,0.3764311386121246,-0.029779912202511194
2026-02-04,0.05,0.026596993576865856,-0.7813820982803079,0.7619047619047619,0.026596993576865856,0.14798161486607553,0.04877869284395797,True,0.02234341446459222,0.013795000000000002,1.7674845514019926,1.371081567551265,0.3964029838507275,-0.008101882658978932
2026-02-05,0.05,0.026596993576865856,-2.1265727714303457,0.8571428571428572,0.026596993576865856,0.046596993576865864,0.09260592844525169,True,-0.004270111622360722,-0.0116565,1.759937195076708,1.3550995552591039,0.4048376398176041,-0.012337398338034489
2026-02-06,0.1,0.039165722796764356,-0.4088414603867033,0.5714285714285714,0.039165722796764356,0.046596993576865864,0.0,False,-0.0032421347858535383,-0.0004994999999999999,1.7542312414756323,1.354422683031252,0.39980855844438024,-0.015539533615569368
2026-02-09,0.05,0.026596993576865856,0.7979691357403547,0.19047619047619047,0.026596993576865856,0.046596993576865864,0.0125687292198985,False,0.006313759490607234,0.0126945,1.765307035625219,1.3716164017809924,0.39369063384422653,-0.009323887002806841
2026-02-10,0.05,0.026596993576865856,0.3976054606981241,0.2857142857142857,0.026596993576865856,0.046596993576865864,0.0125687292198985,False,0.005248750740001694,0.001578,1.7745726922347869,1.3737808124630029,0.400791879771784,-0.00412407502161094
2026-02-11,0.1,0.039165722796764356,-0.4330495388131049,0.5714285714285714,0.039165722796764356,0.046596993576865864,0.0,False,0.006173779756571687,0.005004,1.785528513198671,1.3806552116485677,0.40487330155010315,0.0
2026-02-12,0.15,0.057324175898868755,0.5830795402956918,0.19047619047619047,0.057324175898868755,0.046596993576865864,0.0125687292198985,False,-0.0013747220269078337,0.005536500000000001,1.7830739078219047,1.38829920922786,0.39477469859404457,-0.0013747220269078042
2026-02-13,0.25,0.11920292202211755,0.997514116864183,0.42,0.11920292202211755,0.046596993576865864,0.0181584531021044,False,-0.014016534287796045,-0.014878,1.7580813912552444,1.3676440935929681,0.3904372976622763,-0.015371987476277549
2026-02-24,0.25,0.11920292202211755,-0.058326238572308925,0.38095238095238093,0.11920292202211755,0.09920292202211754,0.06187874612324879,True,0.012514586185175987,0.011717,1.7800830523466624,1.3836687794375968,0.3964142729090656,-0.0030497753532108263
2026-02-25,0.2,0.08317269649392238,0.15218501501011106,0.38095238095238093,0.08317269649392238,0.09920292202211754,0.0,False,0.0072319193566051255,0.011094,1.7929564694292928,1.3990192008766775,0.39393726855261524,0.0
2026-02-26,0.2,0.08317269649392238,0.7874605540096822,0.1428571428571429,0.08317269649392238,0.09920292202211754,0.03603022552819517,True,-0.0021782705116976265,0.00022049999999999986,1.7890509252231774,1.3993276846104707,0.3897232406127067,-0.002178270511697611
2026-02-27,0.05,0.026596993576865856,0.35183408421713314,0.38095238095238093,0.026596993576865856,0.09920292202211754,0.0,False,0.01050187429378736,0.0108165,1.8078393131450554,1.4144635125110598,0.3933758006339956,0.0
2026-03-02,0.05,0.026596993576865856,-0.612070758152219,0.6666666666666667,0.026596993576865856,0.046596993576865864,0.05657570291705652,True,0.011840034038431278,0.006586,1.829244192148707,1.4237791692044577,0.40546502294424935,0.0
2026-03-03,0.05,0.026596993576865856,-2.721609909544837,0.9047619047619048,0.026596993576865856,0.046596993576865864,0.0,False,0.006521907446433297,-0.015955999999999998,1.8411743534668266,1.4010613487806314,0.4401130046861952,0.0
2026-03-04,0.15,0.057324175898868755,-1.0302055790323599,0.42,0.057324175898868755,0.046596993576865864,0.0,False,-0.01563946131402903,-0.010555000000000002,1.8123793783933997,1.386273146244252,0.4261062321491478,-0.015639461314029046
2026-03-05,0.2,0.08317269649392238,1.3629555068299608,0.42,0.08317269649392238,0.046596993576865864,0.0307271823220029,True,-0.00032385183664440377,0.0031805,1.8117924360030104,1.3906821879858817,0.4211102480171287,-0.015958248282402887
