2026-01-29 13:49:34,906 - DataFetcher_jy - INFO - 数据库连接成功
2026-01-29 13:49:34,906 - DataFetcher_jy - INFO - 开始获取指数 000905.SH, 000985, 000922.SH, 512510, 515180 的权重数据和指数收益率...
2026-01-29 13:49:35,271 - DataFetcher_jy - INFO - 执行权重数据查询: 
                SELECT 
                    w.IndexCode,
                    w.EndDate,
                    w.InnerCode,
                    w.Weight,
                    w.UpdateTime
                FROM 
                    juyuandb.LC_IndexComponentsWeight w
                WHERE 
                    w.IndexCode IN (%s,%s,%s)
             AND w.EndDate >= %s AND w.EndDate <= %s
2026-01-29 13:49:39,468 - DataFetcher_jy - INFO - 查询到 310467 条权重记录
2026-01-29 13:49:39,840 - DataFetcher_jy - INFO - 成功获取交易日历数据，共 1458 个交易日
2026-01-29 13:49:39,841 - DataFetcher_jy - INFO - 执行指数行情查询: 
                SELECT 
                    q.ID,
                    q.InnerCode,
                    q.TradingDay,
                    q.PrevClosePrice,
                    q.OpenPrice,
                    q.HighPrice,
                    q.LowPrice,
                    q.ClosePrice,
                    q.TurnoverVolume,
                    q.TurnoverValue,
                    q.TurnoverDeals,
                    q.ChangePCT,
                    q.NegotiableMV,
                    q.XGRQ,
                    q.JSID
                FROM 
                    juyuandb.QT_IndexQuote q
                WHERE 
                    q.InnerCode IN (%s,%s,%s)
             AND q.TradingDay >= %s AND q.TradingDay <= %s
2026-01-29 13:49:44,573 - DataFetcher_jy - INFO - 查询到 3702 条指数行情记录
2026-01-29 13:49:44,598 - DataFetcher_jy - ERROR - 保存指数 000905.SH 权重数据失败: `Import pytables` failed.  Use pip or conda to install the pytables package.
2026-01-29 13:49:44,617 - DataFetcher_jy - INFO - 指数 000905.SH 收益率数据已保存到 ./data/prod_data\idx_idx_000905_SH_weight_return.csv (key: idx_000905_SH_weight)
2026-01-29 13:49:44,618 - DataFetcher_jy - INFO - 
指数 000905.SH 行情统计信息:
2026-01-29 13:49:44,618 - DataFetcher_jy - INFO -   - 数据日期范围: 2020-12-28 00:00:00 至 2026-01-28 00:00:00
2026-01-29 13:49:44,619 - DataFetcher_jy - INFO -   - 总交易日数: 1234
2026-01-29 13:49:44,619 - DataFetcher_jy - INFO -   - 平均日收益率: 0.0340%
2026-01-29 13:49:44,619 - DataFetcher_jy - INFO -   - 累计收益率: 36.99%
2026-01-29 13:49:44,627 - DataFetcher_jy - ERROR - 保存指数 000922.SH 权重数据失败: `Import pytables` failed.  Use pip or conda to install the pytables package.
2026-01-29 13:49:44,644 - DataFetcher_jy - INFO - 指数 000922.SH 收益率数据已保存到 ./data/prod_data\idx_idx_000922_SH_weight_return.csv (key: idx_000922_SH_weight)
2026-01-29 13:49:44,644 - DataFetcher_jy - INFO - 
指数 000922.SH 行情统计信息:
2026-01-29 13:49:44,645 - DataFetcher_jy - INFO -   - 数据日期范围: 2020-12-28 00:00:00 至 2026-01-28 00:00:00
2026-01-29 13:49:44,646 - DataFetcher_jy - INFO -   - 总交易日数: 1234
2026-01-29 13:49:44,647 - DataFetcher_jy - INFO -   - 平均日收益率: 0.0222%
2026-01-29 13:49:44,647 - DataFetcher_jy - INFO -   - 累计收益率: 23.29%
2026-01-29 13:49:44,757 - DataFetcher_jy - ERROR - 保存指数 000985 权重数据失败: `Import pytables` failed.  Use pip or conda to install the pytables package.
2026-01-29 13:49:44,769 - DataFetcher_jy - INFO - 指数 000985 收益率数据已保存到 ./data/prod_data\idx_idx_000985_weight_return.csv (key: idx_000985_weight)
2026-01-29 13:49:44,770 - DataFetcher_jy - INFO - 
指数 000985 行情统计信息:
2026-01-29 13:49:44,770 - DataFetcher_jy - INFO -   - 数据日期范围: 2020-12-28 00:00:00 至 2026-01-28 00:00:00
2026-01-29 13:49:44,770 - DataFetcher_jy - INFO -   - 总交易日数: 1234
2026-01-29 13:49:44,771 - DataFetcher_jy - INFO -   - 平均日收益率: 0.0189%
2026-01-29 13:49:44,771 - DataFetcher_jy - INFO -   - 累计收益率: 15.42%
2026-01-29 13:49:44,772 - DataFetcher_jy - INFO - 尝试获取基金数据: 512510
2026-01-29 13:49:44,852 - DataFetcher_jy - INFO - 基金 512510 行情数据已保存到 ./data/prod_data\fund_512510_return.csv
2026-01-29 13:49:44,852 - DataFetcher_jy - INFO - 尝试获取基金数据: 515180
2026-01-29 13:49:44,929 - DataFetcher_jy - INFO - 基金 515180 行情数据已保存到 ./data/prod_data\fund_515180_return.csv
2026-01-29 13:49:44,997 - DataFetcher_jy - WARNING - 合并所需文件不存在: ./data/prod_data\idx_000905_SH_return.csv
2026-01-29 13:49:44,997 - DataFetcher_jy - WARNING - 合并所需文件不存在: ./data/prod_data\idx_000922_SH_return.csv
2026-01-29 13:49:44,997 - DataFetcher_jy - WARNING - 合并所需文件不存在: ./data/prod_data\idx_000985_return.csv
2026-01-29 13:49:45,053 - DataFetcher_jy - INFO - 已成功合并 2 个文件，保存至: ./data/prod_data\merged_index_fund_returns.csv
2026-01-29 13:49:45,054 - DataFetcher_jy - INFO - 合并后数据形状: (1234, 32)
2026-01-29 13:49:45,075 - DataFetcher_jy - INFO - 数据库连接已成功关闭
2026-01-29 13:58:49,473 - DataFetcher_jy - INFO - 数据库连接成功
2026-01-29 13:58:49,473 - DataFetcher_jy - INFO - 开始获取指数 000905.SH, 000985, 000922.SH, 512510, 515180 的权重数据和指数收益率...
2026-01-29 13:58:49,711 - DataFetcher_jy - INFO - 执行权重数据查询: 
                SELECT 
                    w.IndexCode,
                    w.EndDate,
                    w.InnerCode,
                    w.Weight,
                    w.UpdateTime
                FROM 
                    juyuandb.LC_IndexComponentsWeight w
                WHERE 
                    w.IndexCode IN (%s,%s,%s)
             AND w.EndDate >= %s AND w.EndDate <= %s
2026-01-29 13:58:53,892 - DataFetcher_jy - INFO - 查询到 310467 条权重记录
2026-01-29 13:58:54,252 - DataFetcher_jy - INFO - 成功获取交易日历数据，共 1458 个交易日
2026-01-29 13:58:54,253 - DataFetcher_jy - INFO - 执行指数行情查询: 
                SELECT 
                    q.ID,
                    q.InnerCode,
                    q.TradingDay,
                    q.PrevClosePrice,
                    q.OpenPrice,
                    q.HighPrice,
                    q.LowPrice,
                    q.ClosePrice,
                    q.TurnoverVolume,
                    q.TurnoverValue,
                    q.TurnoverDeals,
                    q.ChangePCT,
                    q.NegotiableMV,
                    q.XGRQ,
                    q.JSID
                FROM 
                    juyuandb.QT_IndexQuote q
                WHERE 
                    q.InnerCode IN (%s,%s,%s)
             AND q.TradingDay >= %s AND q.TradingDay <= %s
2026-01-29 13:58:58,530 - DataFetcher_jy - INFO - 查询到 3702 条指数行情记录
2026-01-29 13:58:58,553 - DataFetcher_jy - ERROR - 保存指数 000905.SH 权重数据失败: `Import pytables` failed.  Use pip or conda to install the pytables package.
2026-01-29 13:58:58,567 - DataFetcher_jy - INFO - 指数 000905.SH 收益率数据已保存到 ./data/prod_data\idx_idx_000905_SH_weight_return.csv (key: idx_000905_SH_weight)
2026-01-29 13:58:58,567 - DataFetcher_jy - INFO - 
指数 000905.SH 行情统计信息:
2026-01-29 13:58:58,568 - DataFetcher_jy - INFO -   - 数据日期范围: 2020-12-28 00:00:00 至 2026-01-28 00:00:00
2026-01-29 13:58:58,568 - DataFetcher_jy - INFO -   - 总交易日数: 1234
2026-01-29 13:58:58,569 - DataFetcher_jy - INFO -   - 平均日收益率: 0.0340%
2026-01-29 13:58:58,569 - DataFetcher_jy - INFO -   - 累计收益率: 36.99%
2026-01-29 13:58:58,577 - DataFetcher_jy - ERROR - 保存指数 000922.SH 权重数据失败: `Import pytables` failed.  Use pip or conda to install the pytables package.
2026-01-29 13:58:58,589 - DataFetcher_jy - INFO - 指数 000922.SH 收益率数据已保存到 ./data/prod_data\idx_idx_000922_SH_weight_return.csv (key: idx_000922_SH_weight)
2026-01-29 13:58:58,590 - DataFetcher_jy - INFO - 
指数 000922.SH 行情统计信息:
2026-01-29 13:58:58,590 - DataFetcher_jy - INFO -   - 数据日期范围: 2020-12-28 00:00:00 至 2026-01-28 00:00:00
2026-01-29 13:58:58,590 - DataFetcher_jy - INFO -   - 总交易日数: 1234
2026-01-29 13:58:58,591 - DataFetcher_jy - INFO -   - 平均日收益率: 0.0222%
2026-01-29 13:58:58,591 - DataFetcher_jy - INFO -   - 累计收益率: 23.29%
2026-01-29 13:58:58,698 - DataFetcher_jy - ERROR - 保存指数 000985 权重数据失败: `Import pytables` failed.  Use pip or conda to install the pytables package.
2026-01-29 13:58:58,711 - DataFetcher_jy - INFO - 指数 000985 收益率数据已保存到 ./data/prod_data\idx_idx_000985_weight_return.csv (key: idx_000985_weight)
2026-01-29 13:58:58,712 - DataFetcher_jy - INFO - 
指数 000985 行情统计信息:
2026-01-29 13:58:58,712 - DataFetcher_jy - INFO -   - 数据日期范围: 2020-12-28 00:00:00 至 2026-01-28 00:00:00
2026-01-29 13:58:58,712 - DataFetcher_jy - INFO -   - 总交易日数: 1234
2026-01-29 13:58:58,712 - DataFetcher_jy - INFO -   - 平均日收益率: 0.0189%
2026-01-29 13:58:58,713 - DataFetcher_jy - INFO -   - 累计收益率: 15.42%
2026-01-29 13:58:58,713 - DataFetcher_jy - INFO - 尝试获取基金数据: 512510
2026-01-29 13:58:58,793 - DataFetcher_jy - INFO - 基金 512510 行情数据已保存到 ./data/prod_data\fund_512510_return.csv
2026-01-29 13:58:58,793 - DataFetcher_jy - INFO - 尝试获取基金数据: 515180
2026-01-29 13:58:58,872 - DataFetcher_jy - INFO - 基金 515180 行情数据已保存到 ./data/prod_data\fund_515180_return.csv
2026-01-29 13:58:58,935 - DataFetcher_jy - WARNING - 合并所需文件不存在: ./data/prod_data\idx_000905_SH_return.csv
2026-01-29 13:58:58,936 - DataFetcher_jy - WARNING - 合并所需文件不存在: ./data/prod_data\idx_000922_SH_return.csv
2026-01-29 13:58:58,936 - DataFetcher_jy - WARNING - 合并所需文件不存在: ./data/prod_data\idx_000985_return.csv
2026-01-29 13:58:58,991 - DataFetcher_jy - INFO - 已成功合并 2 个文件，保存至: ./data/prod_data\merged_index_fund_returns.csv
2026-01-29 13:58:58,992 - DataFetcher_jy - INFO - 合并后数据形状: (1234, 32)
2026-01-29 13:58:59,012 - DataFetcher_jy - INFO - 数据库连接已成功关闭
2026-01-29 14:39:31,891 - DataFetcher_jy - INFO - 数据库连接成功
2026-01-29 14:39:31,892 - DataFetcher_jy - INFO - 开始获取指数 000905.SH, 000985, 000922.SH, 512510, 515180 的权重数据和指数收益率...
2026-01-29 14:39:32,224 - DataFetcher_jy - INFO - 执行权重数据查询: 
                SELECT 
                    w.IndexCode,
                    w.EndDate,
                    w.InnerCode,
                    w.Weight,
                    w.UpdateTime
                FROM 
                    juyuandb.LC_IndexComponentsWeight w
                WHERE 
                    w.IndexCode IN (%s,%s,%s)
             AND w.EndDate >= %s AND w.EndDate <= %s
2026-01-29 14:39:36,360 - DataFetcher_jy - INFO - 查询到 310467 条权重记录
2026-01-29 14:39:36,742 - DataFetcher_jy - INFO - 成功获取交易日历数据，共 1458 个交易日
2026-01-29 14:39:36,743 - DataFetcher_jy - INFO - 执行指数行情查询: 
                SELECT 
                    q.ID,
                    q.InnerCode,
                    q.TradingDay,
                    q.PrevClosePrice,
                    q.OpenPrice,
                    q.HighPrice,
                    q.LowPrice,
                    q.ClosePrice,
                    q.TurnoverVolume,
                    q.TurnoverValue,
                    q.TurnoverDeals,
                    q.ChangePCT,
                    q.NegotiableMV,
                    q.XGRQ,
                    q.JSID
                FROM 
                    juyuandb.QT_IndexQuote q
                WHERE 
                    q.InnerCode IN (%s,%s,%s)
             AND q.TradingDay >= %s AND q.TradingDay <= %s
2026-01-29 14:39:41,213 - DataFetcher_jy - INFO - 查询到 3702 条指数行情记录
2026-01-29 14:39:41,237 - DataFetcher_jy - ERROR - 保存指数 000905.SH 权重数据失败: `Import pytables` failed.  Use pip or conda to install the pytables package.
2026-01-29 14:39:41,257 - DataFetcher_jy - INFO - 指数 000905.SH 收益率数据已保存到 ./data/prod_data\idx_idx_000905_SH_weight_return.csv (key: idx_000905_SH_weight)
2026-01-29 14:39:41,257 - DataFetcher_jy - INFO - 
指数 000905.SH 行情统计信息:
2026-01-29 14:39:41,258 - DataFetcher_jy - INFO -   - 数据日期范围: 2020-12-28 00:00:00 至 2026-01-28 00:00:00
2026-01-29 14:39:41,258 - DataFetcher_jy - INFO -   - 总交易日数: 1234
2026-01-29 14:39:41,259 - DataFetcher_jy - INFO -   - 平均日收益率: 0.0340%
2026-01-29 14:39:41,260 - DataFetcher_jy - INFO -   - 累计收益率: 36.99%
2026-01-29 14:39:41,270 - DataFetcher_jy - ERROR - 保存指数 000922.SH 权重数据失败: `Import pytables` failed.  Use pip or conda to install the pytables package.
2026-01-29 14:39:41,285 - DataFetcher_jy - INFO - 指数 000922.SH 收益率数据已保存到 ./data/prod_data\idx_idx_000922_SH_weight_return.csv (key: idx_000922_SH_weight)
2026-01-29 14:39:41,285 - DataFetcher_jy - INFO - 
指数 000922.SH 行情统计信息:
2026-01-29 14:39:41,286 - DataFetcher_jy - INFO -   - 数据日期范围: 2020-12-28 00:00:00 至 2026-01-28 00:00:00
2026-01-29 14:39:41,286 - DataFetcher_jy - INFO -   - 总交易日数: 1234
2026-01-29 14:39:41,287 - DataFetcher_jy - INFO -   - 平均日收益率: 0.0222%
2026-01-29 14:39:41,287 - DataFetcher_jy - INFO -   - 累计收益率: 23.29%
2026-01-29 14:39:41,389 - DataFetcher_jy - ERROR - 保存指数 000985 权重数据失败: `Import pytables` failed.  Use pip or conda to install the pytables package.
2026-01-29 14:39:41,403 - DataFetcher_jy - INFO - 指数 000985 收益率数据已保存到 ./data/prod_data\idx_idx_000985_weight_return.csv (key: idx_000985_weight)
2026-01-29 14:39:41,403 - DataFetcher_jy - INFO - 
指数 000985 行情统计信息:
2026-01-29 14:39:41,404 - DataFetcher_jy - INFO -   - 数据日期范围: 2020-12-28 00:00:00 至 2026-01-28 00:00:00
2026-01-29 14:39:41,404 - DataFetcher_jy - INFO -   - 总交易日数: 1234
2026-01-29 14:39:41,404 - DataFetcher_jy - INFO -   - 平均日收益率: 0.0189%
2026-01-29 14:39:41,405 - DataFetcher_jy - INFO -   - 累计收益率: 15.42%
2026-01-29 14:39:41,405 - DataFetcher_jy - INFO - 尝试获取基金数据: 512510
2026-01-29 14:39:41,474 - DataFetcher_jy - ERROR - 保存基金 512510 数据失败: [Errno 13] Permission denied: './data/prod_data\\fund_512510_return.csv'
2026-01-29 14:39:41,474 - DataFetcher_jy - INFO - 尝试获取基金数据: 515180
2026-01-29 14:39:41,551 - DataFetcher_jy - INFO - 基金 515180 行情数据已保存到 ./data/prod_data\fund_515180_return.csv
2026-01-29 14:39:41,605 - DataFetcher_jy - WARNING - 合并所需文件不存在: ./data/prod_data\idx_000905_SH_return.csv
2026-01-29 14:39:41,605 - DataFetcher_jy - WARNING - 合并所需文件不存在: ./data/prod_data\idx_000922_SH_return.csv
2026-01-29 14:39:41,605 - DataFetcher_jy - WARNING - 合并所需文件不存在: ./data/prod_data\idx_000985_return.csv
2026-01-29 14:45:03,535 - DataFetcher_jy - INFO - 数据库连接成功
2026-01-29 14:45:03,535 - DataFetcher_jy - INFO - 开始获取指数 000905.SH, 000985, 000922.SH, 512510, 515180 的权重数据和指数收益率...
2026-01-29 14:45:03,809 - DataFetcher_jy - INFO - 执行权重数据查询: 
                SELECT 
                    w.IndexCode,
                    w.EndDate,
                    w.InnerCode,
                    w.Weight,
                    w.UpdateTime
                FROM 
                    juyuandb.LC_IndexComponentsWeight w
                WHERE 
                    w.IndexCode IN (%s,%s,%s)
             AND w.EndDate >= %s AND w.EndDate <= %s
2026-01-29 14:45:07,967 - DataFetcher_jy - INFO - 查询到 310467 条权重记录
2026-01-29 14:45:08,326 - DataFetcher_jy - INFO - 成功获取交易日历数据，共 1458 个交易日
2026-01-29 14:45:08,327 - DataFetcher_jy - INFO - 执行指数行情查询: 
                SELECT 
                    q.ID,
                    q.InnerCode,
                    q.TradingDay,
                    q.PrevClosePrice,
                    q.OpenPrice,
                    q.HighPrice,
                    q.LowPrice,
                    q.ClosePrice,
                    q.TurnoverVolume,
                    q.TurnoverValue,
                    q.TurnoverDeals,
                    q.ChangePCT,
                    q.NegotiableMV,
                    q.XGRQ,
                    q.JSID
                FROM 
                    juyuandb.QT_IndexQuote q
                WHERE 
                    q.InnerCode IN (%s,%s,%s)
             AND q.TradingDay >= %s AND q.TradingDay <= %s
2026-01-29 14:45:12,716 - DataFetcher_jy - INFO - 查询到 3702 条指数行情记录
2026-01-29 14:45:12,737 - DataFetcher_jy - ERROR - 保存指数 000905.SH 权重数据失败: `Import pytables` failed.  Use pip or conda to install the pytables package.
2026-01-29 14:45:12,753 - DataFetcher_jy - INFO - 指数 000905.SH 收益率数据已保存到 ./data/prod_data\idx_000905_SH_weight_return.csv (key: idx_000905_SH_weight)
2026-01-29 14:45:12,753 - DataFetcher_jy - INFO - 
指数 000905.SH 行情统计信息:
2026-01-29 14:45:12,754 - DataFetcher_jy - INFO -   - 数据日期范围: 2020-12-28 00:00:00 至 2026-01-28 00:00:00
2026-01-29 14:45:12,754 - DataFetcher_jy - INFO -   - 总交易日数: 1234
2026-01-29 14:45:12,754 - DataFetcher_jy - INFO -   - 平均日收益率: 0.0340%
2026-01-29 14:45:12,755 - DataFetcher_jy - INFO -   - 累计收益率: 36.99%
2026-01-29 14:45:12,763 - DataFetcher_jy - ERROR - 保存指数 000922.SH 权重数据失败: `Import pytables` failed.  Use pip or conda to install the pytables package.
2026-01-29 14:45:12,775 - DataFetcher_jy - INFO - 指数 000922.SH 收益率数据已保存到 ./data/prod_data\idx_000922_SH_weight_return.csv (key: idx_000922_SH_weight)
2026-01-29 14:45:12,775 - DataFetcher_jy - INFO - 
指数 000922.SH 行情统计信息:
2026-01-29 14:45:12,776 - DataFetcher_jy - INFO -   - 数据日期范围: 2020-12-28 00:00:00 至 2026-01-28 00:00:00
2026-01-29 14:45:12,776 - DataFetcher_jy - INFO -   - 总交易日数: 1234
2026-01-29 14:45:12,777 - DataFetcher_jy - INFO -   - 平均日收益率: 0.0222%
2026-01-29 14:45:12,777 - DataFetcher_jy - INFO -   - 累计收益率: 23.29%
2026-01-29 14:45:12,883 - DataFetcher_jy - ERROR - 保存指数 000985 权重数据失败: `Import pytables` failed.  Use pip or conda to install the pytables package.
2026-01-29 14:45:12,896 - DataFetcher_jy - INFO - 指数 000985 收益率数据已保存到 ./data/prod_data\idx_000985_weight_return.csv (key: idx_000985_weight)
2026-01-29 14:45:12,896 - DataFetcher_jy - INFO - 
指数 000985 行情统计信息:
2026-01-29 14:45:12,897 - DataFetcher_jy - INFO -   - 数据日期范围: 2020-12-28 00:00:00 至 2026-01-28 00:00:00
2026-01-29 14:45:12,897 - DataFetcher_jy - INFO -   - 总交易日数: 1234
2026-01-29 14:45:12,898 - DataFetcher_jy - INFO -   - 平均日收益率: 0.0189%
2026-01-29 14:45:12,898 - DataFetcher_jy - INFO -   - 累计收益率: 15.42%
2026-01-29 14:45:12,899 - DataFetcher_jy - INFO - 尝试获取基金数据: 512510
2026-01-29 14:45:12,977 - DataFetcher_jy - ERROR - 保存基金 512510 数据失败: [Errno 13] Permission denied: './data/prod_data\\fund_512510_return.csv'
2026-01-29 14:45:12,977 - DataFetcher_jy - INFO - 尝试获取基金数据: 515180
2026-01-29 14:45:13,054 - DataFetcher_jy - INFO - 基金 515180 行情数据已保存到 ./data/prod_data\fund_515180_return.csv
2026-01-29 14:45:13,107 - DataFetcher_jy - WARNING - 合并所需文件不存在: ./data/prod_data\idx_000905_SH_return.csv
2026-01-29 14:45:13,107 - DataFetcher_jy - WARNING - 合并所需文件不存在: ./data/prod_data\idx_000922_SH_return.csv
2026-01-29 14:45:13,107 - DataFetcher_jy - WARNING - 合并所需文件不存在: ./data/prod_data\idx_000985_return.csv
2026-01-29 14:46:58,386 - DataFetcher_jy - INFO - 数据库连接成功
2026-01-29 14:46:58,387 - DataFetcher_jy - INFO - 开始获取指数 000905.SH, 000985, 000922.SH, 512510, 515180 的权重数据和指数收益率...
2026-01-29 14:46:58,625 - DataFetcher_jy - INFO - 执行权重数据查询: 
                SELECT 
                    w.IndexCode,
                    w.EndDate,
                    w.InnerCode,
                    w.Weight,
                    w.UpdateTime
                FROM 
                    juyuandb.LC_IndexComponentsWeight w
                WHERE 
                    w.IndexCode IN (%s,%s,%s)
             AND w.EndDate >= %s AND w.EndDate <= %s
2026-01-29 14:47:02,786 - DataFetcher_jy - INFO - 查询到 310467 条权重记录
2026-01-29 14:47:04,655 - DataFetcher_jy - INFO - 成功获取交易日历数据，共 1458 个交易日
2026-01-29 14:47:04,656 - DataFetcher_jy - INFO - 执行指数行情查询: 
                SELECT 
                    q.ID,
                    q.InnerCode,
                    q.TradingDay,
                    q.PrevClosePrice,
                    q.OpenPrice,
                    q.HighPrice,
                    q.LowPrice,
                    q.ClosePrice,
                    q.TurnoverVolume,
                    q.TurnoverValue,
                    q.TurnoverDeals,
                    q.ChangePCT,
                    q.NegotiableMV,
                    q.XGRQ,
                    q.JSID
                FROM 
                    juyuandb.QT_IndexQuote q
                WHERE 
                    q.InnerCode IN (%s,%s,%s)
             AND q.TradingDay >= %s AND q.TradingDay <= %s
2026-01-29 14:47:08,668 - DataFetcher_jy - INFO - 查询到 3702 条指数行情记录
2026-01-29 14:47:08,692 - DataFetcher_jy - ERROR - 保存指数 000905.SH 权重数据失败: `Import pytables` failed.  Use pip or conda to install the pytables package.
2026-01-29 14:47:08,707 - DataFetcher_jy - INFO - 指数 000905.SH 收益率数据已保存到 ./data/prod_data\idx_000905_SH_weight_return.csv (key: idx_000905_SH_weight)
2026-01-29 14:47:08,708 - DataFetcher_jy - INFO - 
指数 000905.SH 行情统计信息:
2026-01-29 14:47:08,708 - DataFetcher_jy - INFO -   - 数据日期范围: 2020-12-28 00:00:00 至 2026-01-28 00:00:00
2026-01-29 14:47:08,709 - DataFetcher_jy - INFO -   - 总交易日数: 1234
2026-01-29 14:47:08,709 - DataFetcher_jy - INFO -   - 平均日收益率: 0.0340%
2026-01-29 14:47:08,710 - DataFetcher_jy - INFO -   - 累计收益率: 36.99%
2026-01-29 14:47:08,718 - DataFetcher_jy - ERROR - 保存指数 000922.SH 权重数据失败: `Import pytables` failed.  Use pip or conda to install the pytables package.
2026-01-29 14:47:08,731 - DataFetcher_jy - INFO - 指数 000922.SH 收益率数据已保存到 ./data/prod_data\idx_000922_SH_weight_return.csv (key: idx_000922_SH_weight)
2026-01-29 14:47:08,731 - DataFetcher_jy - INFO - 
指数 000922.SH 行情统计信息:
2026-01-29 14:47:08,732 - DataFetcher_jy - INFO -   - 数据日期范围: 2020-12-28 00:00:00 至 2026-01-28 00:00:00
2026-01-29 14:47:08,732 - DataFetcher_jy - INFO -   - 总交易日数: 1234
2026-01-29 14:47:08,732 - DataFetcher_jy - INFO -   - 平均日收益率: 0.0222%
2026-01-29 14:47:08,733 - DataFetcher_jy - INFO -   - 累计收益率: 23.29%
2026-01-29 14:47:08,834 - DataFetcher_jy - ERROR - 保存指数 000985 权重数据失败: `Import pytables` failed.  Use pip or conda to install the pytables package.
2026-01-29 14:47:08,847 - DataFetcher_jy - INFO - 指数 000985 收益率数据已保存到 ./data/prod_data\idx_000985_weight_return.csv (key: idx_000985_weight)
2026-01-29 14:47:08,847 - DataFetcher_jy - INFO - 
指数 000985 行情统计信息:
2026-01-29 14:47:08,847 - DataFetcher_jy - INFO -   - 数据日期范围: 2020-12-28 00:00:00 至 2026-01-28 00:00:00
2026-01-29 14:47:08,848 - DataFetcher_jy - INFO -   - 总交易日数: 1234
2026-01-29 14:47:08,848 - DataFetcher_jy - INFO -   - 平均日收益率: 0.0189%
2026-01-29 14:47:08,848 - DataFetcher_jy - INFO -   - 累计收益率: 15.42%
2026-01-29 14:47:08,849 - DataFetcher_jy - INFO - 尝试获取基金数据: 512510
2026-01-29 14:47:08,926 - DataFetcher_jy - INFO - 基金 512510 行情数据已保存到 ./data/prod_data\fund_512510_return.csv
2026-01-29 14:47:08,926 - DataFetcher_jy - INFO - 尝试获取基金数据: 515180
2026-01-29 14:47:09,004 - DataFetcher_jy - INFO - 基金 515180 行情数据已保存到 ./data/prod_data\fund_515180_return.csv
2026-01-29 14:47:09,071 - DataFetcher_jy - WARNING - 合并所需文件不存在: ./data/prod_data\idx_000905_SH_return.csv
2026-01-29 14:47:09,072 - DataFetcher_jy - WARNING - 合并所需文件不存在: ./data/prod_data\idx_000922_SH_return.csv
2026-01-29 14:47:09,072 - DataFetcher_jy - WARNING - 合并所需文件不存在: ./data/prod_data\idx_000985_return.csv
2026-01-29 14:47:09,127 - DataFetcher_jy - INFO - 已成功合并 2 个文件，保存至: ./data/prod_data\merged_index_fund_returns.csv
2026-01-29 14:47:09,128 - DataFetcher_jy - INFO - 合并后数据形状: (1234, 32)
2026-01-29 14:47:09,149 - DataFetcher_jy - INFO - 数据库连接已成功关闭
2026-01-29 14:48:19,270 - DataFetcher_jy - INFO - 数据库连接成功
2026-01-29 14:48:19,270 - DataFetcher_jy - INFO - 开始获取指数 000905.SH, 000985, 000922.SH, 512510, 515180 的权重数据和指数收益率...
2026-01-29 14:48:19,561 - DataFetcher_jy - INFO - 执行权重数据查询: 
                SELECT 
                    w.IndexCode,
                    w.EndDate,
                    w.InnerCode,
                    w.Weight,
                    w.UpdateTime
                FROM 
                    juyuandb.LC_IndexComponentsWeight w
                WHERE 
                    w.IndexCode IN (%s,%s,%s)
             AND w.EndDate >= %s AND w.EndDate <= %s
2026-01-29 14:48:23,719 - DataFetcher_jy - INFO - 查询到 310467 条权重记录
2026-01-29 14:48:24,075 - DataFetcher_jy - INFO - 成功获取交易日历数据，共 1458 个交易日
2026-01-29 14:48:24,076 - DataFetcher_jy - INFO - 执行指数行情查询: 
                SELECT 
                    q.ID,
                    q.InnerCode,
                    q.TradingDay,
                    q.PrevClosePrice,
                    q.OpenPrice,
                    q.HighPrice,
                    q.LowPrice,
                    q.ClosePrice,
                    q.TurnoverVolume,
                    q.TurnoverValue,
                    q.TurnoverDeals,
                    q.ChangePCT,
                    q.NegotiableMV,
                    q.XGRQ,
                    q.JSID
                FROM 
                    juyuandb.QT_IndexQuote q
                WHERE 
                    q.InnerCode IN (%s,%s,%s)
             AND q.TradingDay >= %s AND q.TradingDay <= %s
2026-01-29 14:48:28,019 - DataFetcher_jy - INFO - 查询到 3702 条指数行情记录
2026-01-29 14:48:28,039 - DataFetcher_jy - ERROR - 保存指数 000905.SH 权重数据失败: `Import pytables` failed.  Use pip or conda to install the pytables package.
2026-01-29 14:48:28,052 - DataFetcher_jy - INFO - 指数 000905.SH 收益率数据已保存到 ./data/prod_data\idx_000905_SH_weight_return.csv (key: idx_000905_SH_weight)
2026-01-29 14:48:28,053 - DataFetcher_jy - INFO - 
指数 000905.SH 行情统计信息:
2026-01-29 14:48:28,053 - DataFetcher_jy - INFO -   - 数据日期范围: 2020-12-28 00:00:00 至 2026-01-28 00:00:00
2026-01-29 14:48:28,054 - DataFetcher_jy - INFO -   - 总交易日数: 1234
2026-01-29 14:48:28,054 - DataFetcher_jy - INFO -   - 平均日收益率: 0.0340%
2026-01-29 14:48:28,055 - DataFetcher_jy - INFO -   - 累计收益率: 36.99%
2026-01-29 14:48:28,062 - DataFetcher_jy - ERROR - 保存指数 000922.SH 权重数据失败: `Import pytables` failed.  Use pip or conda to install the pytables package.
2026-01-29 14:48:28,074 - DataFetcher_jy - INFO - 指数 000922.SH 收益率数据已保存到 ./data/prod_data\idx_000922_SH_weight_return.csv (key: idx_000922_SH_weight)
2026-01-29 14:48:28,075 - DataFetcher_jy - INFO - 
指数 000922.SH 行情统计信息:
2026-01-29 14:48:28,075 - DataFetcher_jy - INFO -   - 数据日期范围: 2020-12-28 00:00:00 至 2026-01-28 00:00:00
2026-01-29 14:48:28,075 - DataFetcher_jy - INFO -   - 总交易日数: 1234
2026-01-29 14:48:28,076 - DataFetcher_jy - INFO -   - 平均日收益率: 0.0222%
2026-01-29 14:48:28,076 - DataFetcher_jy - INFO -   - 累计收益率: 23.29%
2026-01-29 14:48:28,178 - DataFetcher_jy - ERROR - 保存指数 000985 权重数据失败: `Import pytables` failed.  Use pip or conda to install the pytables package.
2026-01-29 14:48:28,191 - DataFetcher_jy - INFO - 指数 000985 收益率数据已保存到 ./data/prod_data\idx_000985_weight_return.csv (key: idx_000985_weight)
2026-01-29 14:48:28,191 - DataFetcher_jy - INFO - 
指数 000985 行情统计信息:
2026-01-29 14:48:28,191 - DataFetcher_jy - INFO -   - 数据日期范围: 2020-12-28 00:00:00 至 2026-01-28 00:00:00
2026-01-29 14:48:28,192 - DataFetcher_jy - INFO -   - 总交易日数: 1234
2026-01-29 14:48:28,192 - DataFetcher_jy - INFO -   - 平均日收益率: 0.0189%
2026-01-29 14:48:28,193 - DataFetcher_jy - INFO -   - 累计收益率: 15.42%
2026-01-29 14:48:28,193 - DataFetcher_jy - INFO - 尝试获取基金数据: 512510
2026-01-29 14:48:28,275 - DataFetcher_jy - INFO - 基金 512510 行情数据已保存到 ./data/prod_data\fund_512510_return.csv
2026-01-29 14:48:28,275 - DataFetcher_jy - INFO - 尝试获取基金数据: 515180
2026-01-29 14:48:28,353 - DataFetcher_jy - INFO - 基金 515180 行情数据已保存到 ./data/prod_data\fund_515180_return.csv
2026-01-29 14:49:21,202 - DataFetcher_jy - INFO - 数据库连接成功
2026-01-29 14:49:21,202 - DataFetcher_jy - INFO - 开始获取指数 000905.SH, 000985, 000922.SH, 512510, 515180 的权重数据和指数收益率...
2026-01-29 14:49:21,443 - DataFetcher_jy - INFO - 执行权重数据查询: 
                SELECT 
                    w.IndexCode,
                    w.EndDate,
                    w.InnerCode,
                    w.Weight,
                    w.UpdateTime
                FROM 
                    juyuandb.LC_IndexComponentsWeight w
                WHERE 
                    w.IndexCode IN (%s,%s,%s)
             AND w.EndDate >= %s AND w.EndDate <= %s
2026-01-29 14:49:25,676 - DataFetcher_jy - INFO - 查询到 310467 条权重记录
2026-01-29 14:49:27,554 - DataFetcher_jy - INFO - 成功获取交易日历数据，共 1458 个交易日
2026-01-29 14:49:27,555 - DataFetcher_jy - INFO - 执行指数行情查询: 
                SELECT 
                    q.ID,
                    q.InnerCode,
                    q.TradingDay,
                    q.PrevClosePrice,
                    q.OpenPrice,
                    q.HighPrice,
                    q.LowPrice,
                    q.ClosePrice,
                    q.TurnoverVolume,
                    q.TurnoverValue,
                    q.TurnoverDeals,
                    q.ChangePCT,
                    q.NegotiableMV,
                    q.XGRQ,
                    q.JSID
                FROM 
                    juyuandb.QT_IndexQuote q
                WHERE 
                    q.InnerCode IN (%s,%s,%s)
             AND q.TradingDay >= %s AND q.TradingDay <= %s
2026-01-29 14:49:31,762 - DataFetcher_jy - INFO - 查询到 3702 条指数行情记录
2026-01-29 14:49:31,784 - DataFetcher_jy - ERROR - 保存指数 000905.SH 权重数据失败: `Import pytables` failed.  Use pip or conda to install the pytables package.
2026-01-29 14:49:31,796 - DataFetcher_jy - INFO - 指数 000905.SH 收益率数据已保存到 ./data/prod_data\idx_000905_SH_weight_return.csv (key: idx_000905_SH_weight)
2026-01-29 14:49:31,797 - DataFetcher_jy - INFO - 
指数 000905.SH 行情统计信息:
2026-01-29 14:49:31,797 - DataFetcher_jy - INFO -   - 数据日期范围: 2020-12-28 00:00:00 至 2026-01-28 00:00:00
2026-01-29 14:49:31,798 - DataFetcher_jy - INFO -   - 总交易日数: 1234
2026-01-29 14:49:31,799 - DataFetcher_jy - INFO -   - 平均日收益率: 0.0340%
2026-01-29 14:49:31,800 - DataFetcher_jy - INFO -   - 累计收益率: 36.99%
2026-01-29 14:49:31,808 - DataFetcher_jy - ERROR - 保存指数 000922.SH 权重数据失败: `Import pytables` failed.  Use pip or conda to install the pytables package.
2026-01-29 14:49:31,822 - DataFetcher_jy - INFO - 指数 000922.SH 收益率数据已保存到 ./data/prod_data\idx_000922_SH_weight_return.csv (key: idx_000922_SH_weight)
2026-01-29 14:49:31,822 - DataFetcher_jy - INFO - 
指数 000922.SH 行情统计信息:
2026-01-29 14:49:31,823 - DataFetcher_jy - INFO -   - 数据日期范围: 2020-12-28 00:00:00 至 2026-01-28 00:00:00
2026-01-29 14:49:31,823 - DataFetcher_jy - INFO -   - 总交易日数: 1234
2026-01-29 14:49:31,824 - DataFetcher_jy - INFO -   - 平均日收益率: 0.0222%
2026-01-29 14:49:31,824 - DataFetcher_jy - INFO -   - 累计收益率: 23.29%
2026-01-29 14:49:31,928 - DataFetcher_jy - ERROR - 保存指数 000985 权重数据失败: `Import pytables` failed.  Use pip or conda to install the pytables package.
2026-01-29 14:49:31,942 - DataFetcher_jy - INFO - 指数 000985 收益率数据已保存到 ./data/prod_data\idx_000985_weight_return.csv (key: idx_000985_weight)
2026-01-29 14:49:31,942 - DataFetcher_jy - INFO - 
指数 000985 行情统计信息:
2026-01-29 14:49:31,943 - DataFetcher_jy - INFO -   - 数据日期范围: 2020-12-28 00:00:00 至 2026-01-28 00:00:00
2026-01-29 14:49:31,943 - DataFetcher_jy - INFO -   - 总交易日数: 1234
2026-01-29 14:49:31,943 - DataFetcher_jy - INFO -   - 平均日收益率: 0.0189%
2026-01-29 14:49:31,944 - DataFetcher_jy - INFO -   - 累计收益率: 15.42%
2026-01-29 14:49:31,944 - DataFetcher_jy - INFO - 尝试获取基金数据: 512510
2026-01-29 14:49:32,035 - DataFetcher_jy - INFO - 基金 512510 行情数据已保存到 ./data/prod_data\fund_512510_return.csv
2026-01-29 14:49:32,035 - DataFetcher_jy - INFO - 尝试获取基金数据: 515180
2026-01-29 14:49:32,115 - DataFetcher_jy - INFO - 基金 515180 行情数据已保存到 ./data/prod_data\fund_515180_return.csv
2026-01-29 14:49:32,312 - DataFetcher_jy - INFO - 已成功合并 5 个文件，保存至: ./data/prod_data\merged_index_fund_returns.csv
2026-01-29 14:49:32,312 - DataFetcher_jy - INFO - 合并后数据形状: (1234, 65)
2026-01-29 14:49:32,352 - DataFetcher_jy - INFO - 数据库连接已成功关闭
2026-01-29 14:55:36,486 - DataFetcher_jy - INFO - 数据库连接成功
2026-01-29 14:55:36,486 - DataFetcher_jy - INFO - 开始获取指数 000905.SH, 000985, 000922.SH, 512510, 515180 的权重数据和指数收益率...
2026-01-29 14:55:36,769 - DataFetcher_jy - INFO - 执行权重数据查询: 
                SELECT 
                    w.IndexCode,
                    w.EndDate,
                    w.InnerCode,
                    w.Weight,
                    w.UpdateTime
                FROM 
                    juyuandb.LC_IndexComponentsWeight w
                WHERE 
                    w.IndexCode IN (%s,%s,%s)
             AND w.EndDate >= %s AND w.EndDate <= %s
2026-01-29 14:55:40,983 - DataFetcher_jy - INFO - 查询到 310467 条权重记录
2026-01-29 14:55:42,845 - DataFetcher_jy - INFO - 成功获取交易日历数据，共 1458 个交易日
2026-01-29 14:55:42,846 - DataFetcher_jy - INFO - 执行指数行情查询: 
                SELECT 
                    q.ID,
                    q.InnerCode,
                    q.TradingDay,
                    q.PrevClosePrice,
                    q.OpenPrice,
                    q.HighPrice,
                    q.LowPrice,
                    q.ClosePrice,
                    q.TurnoverVolume,
                    q.TurnoverValue,
                    q.TurnoverDeals,
                    q.ChangePCT,
                    q.NegotiableMV,
                    q.XGRQ,
                    q.JSID
                FROM 
                    juyuandb.QT_IndexQuote q
                WHERE 
                    q.InnerCode IN (%s,%s,%s)
             AND q.TradingDay >= %s AND q.TradingDay <= %s
2026-01-29 14:55:47,048 - DataFetcher_jy - INFO - 查询到 3702 条指数行情记录
2026-01-29 14:55:47,067 - DataFetcher_jy - ERROR - 保存指数 000905.SH 权重数据失败: `Import pytables` failed.  Use pip or conda to install the pytables package.
2026-01-29 14:55:47,080 - DataFetcher_jy - INFO - 指数 000905.SH 收益率数据已保存到 ./data/prod_data\idx_000905_SH_return.csv (key: idx_000905_SH)
2026-01-29 14:55:47,081 - DataFetcher_jy - INFO - 
指数 000905.SH 行情统计信息:
2026-01-29 14:55:47,081 - DataFetcher_jy - INFO -   - 数据日期范围: 2020-12-28 00:00:00 至 2026-01-28 00:00:00
2026-01-29 14:55:47,082 - DataFetcher_jy - INFO -   - 总交易日数: 1234
2026-01-29 14:55:47,082 - DataFetcher_jy - INFO -   - 平均日收益率: 0.0340%
2026-01-29 14:55:47,083 - DataFetcher_jy - INFO -   - 累计收益率: 36.99%
2026-01-29 14:55:47,090 - DataFetcher_jy - ERROR - 保存指数 000922.SH 权重数据失败: `Import pytables` failed.  Use pip or conda to install the pytables package.
2026-01-29 14:55:47,103 - DataFetcher_jy - INFO - 指数 000922.SH 收益率数据已保存到 ./data/prod_data\idx_000922_SH_return.csv (key: idx_000922_SH)
2026-01-29 14:55:47,103 - DataFetcher_jy - INFO - 
指数 000922.SH 行情统计信息:
2026-01-29 14:55:47,104 - DataFetcher_jy - INFO -   - 数据日期范围: 2020-12-28 00:00:00 至 2026-01-28 00:00:00
2026-01-29 14:55:47,104 - DataFetcher_jy - INFO -   - 总交易日数: 1234
2026-01-29 14:55:47,104 - DataFetcher_jy - INFO -   - 平均日收益率: 0.0222%
2026-01-29 14:55:47,105 - DataFetcher_jy - INFO -   - 累计收益率: 23.29%
2026-01-29 14:55:47,218 - DataFetcher_jy - ERROR - 保存指数 000985 权重数据失败: `Import pytables` failed.  Use pip or conda to install the pytables package.
2026-01-29 14:55:47,231 - DataFetcher_jy - INFO - 指数 000985 收益率数据已保存到 ./data/prod_data\idx_000985_return.csv (key: idx_000985)
2026-01-29 14:55:47,231 - DataFetcher_jy - INFO - 
指数 000985 行情统计信息:
2026-01-29 14:55:47,232 - DataFetcher_jy - INFO -   - 数据日期范围: 2020-12-28 00:00:00 至 2026-01-28 00:00:00
2026-01-29 14:55:47,232 - DataFetcher_jy - INFO -   - 总交易日数: 1234
2026-01-29 14:55:47,232 - DataFetcher_jy - INFO -   - 平均日收益率: 0.0189%
2026-01-29 14:55:47,233 - DataFetcher_jy - INFO -   - 累计收益率: 15.42%
2026-01-29 14:55:47,233 - DataFetcher_jy - INFO - 尝试获取基金数据: 512510
2026-01-29 14:55:47,330 - DataFetcher_jy - INFO - 基金 512510 行情数据已保存到 ./data/prod_data\fund_512510_return.csv
2026-01-29 14:55:47,330 - DataFetcher_jy - INFO - 尝试获取基金数据: 515180
2026-01-29 14:55:47,408 - DataFetcher_jy - INFO - 基金 515180 行情数据已保存到 ./data/prod_data\fund_515180_return.csv
2026-01-29 14:55:47,611 - DataFetcher_jy - INFO - 已成功合并 5 个文件，保存至: ./data/prod_data\merged_index_fund_returns.csv
2026-01-29 14:55:47,611 - DataFetcher_jy - INFO - 合并后数据形状: (1234, 65)
2026-01-29 14:55:47,649 - DataFetcher_jy - INFO - 数据库连接已成功关闭
2026-01-29 15:05:13,801 - DataFetcher_jy - INFO - 数据库连接成功
2026-01-29 15:05:13,802 - DataFetcher_jy - INFO - 开始获取指数 000905.SH, 000985, 000922.SH, 512510, 515180 的权重数据和指数收益率...
2026-01-29 15:05:14,236 - DataFetcher_jy - INFO - 执行权重数据查询: 
                SELECT 
                    w.IndexCode,
                    w.EndDate,
                    w.InnerCode,
                    w.Weight,
                    w.UpdateTime
                FROM 
                    juyuandb.LC_IndexComponentsWeight w
                WHERE 
                    w.IndexCode IN (%s,%s,%s)
             AND w.EndDate >= %s AND w.EndDate <= %s
2026-01-29 15:05:18,405 - DataFetcher_jy - INFO - 查询到 310467 条权重记录
2026-01-29 15:05:20,273 - DataFetcher_jy - INFO - 成功获取交易日历数据，共 1458 个交易日
2026-01-29 15:05:20,274 - DataFetcher_jy - INFO - 执行指数行情查询: 
                SELECT 
                    q.ID,
                    q.InnerCode,
                    q.TradingDay,
                    q.PrevClosePrice,
                    q.OpenPrice,
                    q.HighPrice,
                    q.LowPrice,
                    q.ClosePrice,
                    q.TurnoverVolume,
                    q.TurnoverValue,
                    q.TurnoverDeals,
                    q.ChangePCT,
                    q.NegotiableMV,
                    q.XGRQ,
                    q.JSID
                FROM 
                    juyuandb.QT_IndexQuote q
                WHERE 
                    q.InnerCode IN (%s,%s,%s)
             AND q.TradingDay >= %s AND q.TradingDay <= %s
2026-01-29 15:05:24,751 - DataFetcher_jy - INFO - 查询到 3702 条指数行情记录
2026-01-29 15:05:24,771 - DataFetcher_jy - ERROR - 保存指数 000905.SH 权重数据失败: `Import pytables` failed.  Use pip or conda to install the pytables package.
2026-01-29 15:05:24,784 - DataFetcher_jy - INFO - 指数 000905.SH 收益率数据已保存到 ./data/realtime_data\idx_000905_SH_return.csv (key: idx_000905_SH)
2026-01-29 15:05:24,785 - DataFetcher_jy - INFO - 
指数 000905.SH 行情统计信息:
2026-01-29 15:05:24,785 - DataFetcher_jy - INFO -   - 数据日期范围: 2020-12-28 00:00:00 至 2026-01-28 00:00:00
2026-01-29 15:05:24,785 - DataFetcher_jy - INFO -   - 总交易日数: 1234
2026-01-29 15:05:24,786 - DataFetcher_jy - INFO -   - 平均日收益率: 0.0340%
2026-01-29 15:05:24,786 - DataFetcher_jy - INFO -   - 累计收益率: 36.99%
2026-01-29 15:05:24,794 - DataFetcher_jy - ERROR - 保存指数 000922.SH 权重数据失败: `Import pytables` failed.  Use pip or conda to install the pytables package.
2026-01-29 15:05:24,806 - DataFetcher_jy - INFO - 指数 000922.SH 收益率数据已保存到 ./data/realtime_data\idx_000922_SH_return.csv (key: idx_000922_SH)
2026-01-29 15:05:24,807 - DataFetcher_jy - INFO - 
指数 000922.SH 行情统计信息:
2026-01-29 15:05:24,807 - DataFetcher_jy - INFO -   - 数据日期范围: 2020-12-28 00:00:00 至 2026-01-28 00:00:00
2026-01-29 15:05:24,807 - DataFetcher_jy - INFO -   - 总交易日数: 1234
2026-01-29 15:05:24,808 - DataFetcher_jy - INFO -   - 平均日收益率: 0.0222%
2026-01-29 15:05:24,809 - DataFetcher_jy - INFO -   - 累计收益率: 23.29%
2026-01-29 15:05:24,918 - DataFetcher_jy - ERROR - 保存指数 000985 权重数据失败: `Import pytables` failed.  Use pip or conda to install the pytables package.
2026-01-29 15:05:24,931 - DataFetcher_jy - INFO - 指数 000985 收益率数据已保存到 ./data/realtime_data\idx_000985_return.csv (key: idx_000985)
2026-01-29 15:05:24,931 - DataFetcher_jy - INFO - 
指数 000985 行情统计信息:
2026-01-29 15:05:24,931 - DataFetcher_jy - INFO -   - 数据日期范围: 2020-12-28 00:00:00 至 2026-01-28 00:00:00
2026-01-29 15:05:24,932 - DataFetcher_jy - INFO -   - 总交易日数: 1234
2026-01-29 15:05:24,932 - DataFetcher_jy - INFO -   - 平均日收益率: 0.0189%
2026-01-29 15:05:24,932 - DataFetcher_jy - INFO -   - 累计收益率: 15.42%
2026-01-29 15:05:24,933 - DataFetcher_jy - INFO - 尝试获取基金数据: 512510
2026-01-29 15:05:25,044 - DataFetcher_jy - INFO - 基金 512510 行情数据已保存到 ./data/realtime_data\fund_512510_return.csv
2026-01-29 15:05:25,045 - DataFetcher_jy - INFO - 尝试获取基金数据: 515180
2026-01-29 15:05:25,125 - DataFetcher_jy - INFO - 基金 515180 行情数据已保存到 ./data/realtime_data\fund_515180_return.csv
2026-01-29 15:05:25,322 - DataFetcher_jy - INFO - 已成功合并 5 个文件，保存至: ./data/realtime_data\merged_index_fund_returns.csv
2026-01-29 15:05:25,323 - DataFetcher_jy - INFO - 合并后数据形状: (1234, 65)
2026-01-29 15:05:25,364 - DataFetcher_jy - INFO - 数据库连接已成功关闭
2026-01-29 17:33:36,980 - DataFetcher_jy - INFO - 数据库连接成功
2026-01-29 17:33:36,981 - DataFetcher_jy - INFO - 开始获取指数 000905.SH, 000985, 000922.SH, 512510, 515180 的权重数据和指数收益率...
2026-01-29 17:33:37,384 - DataFetcher_jy - INFO - 执行权重数据查询: 
                SELECT 
                    w.IndexCode,
                    w.EndDate,
                    w.InnerCode,
                    w.Weight,
                    w.UpdateTime
                FROM 
                    juyuandb.LC_IndexComponentsWeight w
                WHERE 
                    w.IndexCode IN (%s,%s,%s)
             AND w.EndDate >= %s AND w.EndDate <= %s
2026-01-29 17:33:41,509 - DataFetcher_jy - INFO - 查询到 310467 条权重记录
2026-01-29 17:33:41,892 - DataFetcher_jy - INFO - 成功获取交易日历数据，共 1458 个交易日
2026-01-29 17:33:41,893 - DataFetcher_jy - INFO - 执行指数行情查询: 
                SELECT 
                    q.ID,
                    q.InnerCode,
                    q.TradingDay,
                    q.PrevClosePrice,
                    q.OpenPrice,
                    q.HighPrice,
                    q.LowPrice,
                    q.ClosePrice,
                    q.TurnoverVolume,
                    q.TurnoverValue,
                    q.TurnoverDeals,
                    q.ChangePCT,
                    q.NegotiableMV,
                    q.XGRQ,
                    q.JSID
                FROM 
                    juyuandb.QT_IndexQuote q
                WHERE 
                    q.InnerCode IN (%s,%s,%s)
             AND q.TradingDay >= %s AND q.TradingDay <= %s
2026-01-29 17:33:45,317 - DataFetcher_jy - INFO - 查询到 3705 条指数行情记录
2026-01-29 17:33:45,340 - DataFetcher_jy - ERROR - 保存指数 000905.SH 权重数据失败: `Import pytables` failed.  Use pip or conda to install the pytables package.
2026-01-29 17:33:45,358 - DataFetcher_jy - INFO - 指数 000905.SH 收益率数据已保存到 ./data/realtime_data\idx_000905_SH_return.csv (key: idx_000905_SH)
2026-01-29 17:33:45,358 - DataFetcher_jy - INFO - 
指数 000905.SH 行情统计信息:
2026-01-29 17:33:45,359 - DataFetcher_jy - INFO -   - 数据日期范围: 2020-12-28 00:00:00 至 2026-01-29 00:00:00
2026-01-29 17:33:45,359 - DataFetcher_jy - INFO -   - 总交易日数: 1235
2026-01-29 17:33:45,360 - DataFetcher_jy - INFO -   - 平均日收益率: 0.0332%
2026-01-29 17:33:45,360 - DataFetcher_jy - INFO -   - 累计收益率: 35.67%
2026-01-29 17:33:45,367 - DataFetcher_jy - ERROR - 保存指数 000922.SH 权重数据失败: `Import pytables` failed.  Use pip or conda to install the pytables package.
2026-01-29 17:33:45,380 - DataFetcher_jy - INFO - 指数 000922.SH 收益率数据已保存到 ./data/realtime_data\idx_000922_SH_return.csv (key: idx_000922_SH)
2026-01-29 17:33:45,380 - DataFetcher_jy - INFO - 
指数 000922.SH 行情统计信息:
2026-01-29 17:33:45,381 - DataFetcher_jy - INFO -   - 数据日期范围: 2020-12-28 00:00:00 至 2026-01-29 00:00:00
2026-01-29 17:33:45,381 - DataFetcher_jy - INFO -   - 总交易日数: 1235
2026-01-29 17:33:45,381 - DataFetcher_jy - INFO -   - 平均日收益率: 0.0232%
2026-01-29 17:33:45,382 - DataFetcher_jy - INFO -   - 累计收益率: 24.82%
2026-01-29 17:33:45,487 - DataFetcher_jy - ERROR - 保存指数 000985 权重数据失败: `Import pytables` failed.  Use pip or conda to install the pytables package.
2026-01-29 17:33:45,499 - DataFetcher_jy - INFO - 指数 000985 收益率数据已保存到 ./data/realtime_data\idx_000985_return.csv (key: idx_000985)
2026-01-29 17:33:45,500 - DataFetcher_jy - INFO - 
指数 000985 行情统计信息:
2026-01-29 17:33:45,500 - DataFetcher_jy - INFO -   - 数据日期范围: 2020-12-28 00:00:00 至 2026-01-29 00:00:00
2026-01-29 17:33:45,501 - DataFetcher_jy - INFO -   - 总交易日数: 1235
2026-01-29 17:33:45,501 - DataFetcher_jy - INFO -   - 平均日收益率: 0.0187%
2026-01-29 17:33:45,502 - DataFetcher_jy - INFO -   - 累计收益率: 15.20%
2026-01-29 17:33:45,503 - DataFetcher_jy - INFO - 尝试获取基金数据: 512510
2026-01-29 17:33:45,582 - DataFetcher_jy - INFO - 基金 512510 行情数据已保存到 ./data/realtime_data\fund_512510_return.csv
2026-01-29 17:33:45,583 - DataFetcher_jy - INFO - 尝试获取基金数据: 515180
2026-01-29 17:33:45,656 - DataFetcher_jy - INFO - 基金 515180 行情数据已保存到 ./data/realtime_data\fund_515180_return.csv
2026-01-29 17:34:14,777 - DataFetcher_jy - INFO - 数据库连接成功
2026-01-29 17:34:14,777 - DataFetcher_jy - INFO - 开始获取指数 000905.SH, 000985, 000922.SH, 512510, 515180 的权重数据和指数收益率...
2026-01-29 17:34:15,077 - DataFetcher_jy - INFO - 执行权重数据查询: 
                SELECT 
                    w.IndexCode,
                    w.EndDate,
                    w.InnerCode,
                    w.Weight,
                    w.UpdateTime
                FROM 
                    juyuandb.LC_IndexComponentsWeight w
                WHERE 
                    w.IndexCode IN (%s,%s,%s)
             AND w.EndDate >= %s AND w.EndDate <= %s
2026-01-29 17:34:19,192 - DataFetcher_jy - INFO - 查询到 310467 条权重记录
2026-01-29 17:34:19,550 - DataFetcher_jy - INFO - 成功获取交易日历数据，共 1458 个交易日
2026-01-29 17:34:19,551 - DataFetcher_jy - INFO - 执行指数行情查询: 
                SELECT 
                    q.ID,
                    q.InnerCode,
                    q.TradingDay,
                    q.PrevClosePrice,
                    q.OpenPrice,
                    q.HighPrice,
                    q.LowPrice,
                    q.ClosePrice,
                    q.TurnoverVolume,
                    q.TurnoverValue,
                    q.TurnoverDeals,
                    q.ChangePCT,
                    q.NegotiableMV,
                    q.XGRQ,
                    q.JSID
                FROM 
                    juyuandb.QT_IndexQuote q
                WHERE 
                    q.InnerCode IN (%s,%s,%s)
             AND q.TradingDay >= %s AND q.TradingDay <= %s
2026-01-29 17:34:23,001 - DataFetcher_jy - INFO - 查询到 3705 条指数行情记录
2026-01-29 17:34:23,023 - DataFetcher_jy - ERROR - 保存指数 000905.SH 权重数据失败: `Import pytables` failed.  Use pip or conda to install the pytables package.
2026-01-29 17:34:23,035 - DataFetcher_jy - INFO - 指数 000905.SH 收益率数据已保存到 ./data/realtime_data\idx_000905_SH_return.csv (key: idx_000905_SH)
2026-01-29 17:34:23,036 - DataFetcher_jy - INFO - 
指数 000905.SH 行情统计信息:
2026-01-29 17:34:23,036 - DataFetcher_jy - INFO -   - 数据日期范围: 2020-12-28 00:00:00 至 2026-01-29 00:00:00
2026-01-29 17:34:23,036 - DataFetcher_jy - INFO -   - 总交易日数: 1235
2026-01-29 17:34:23,038 - DataFetcher_jy - INFO -   - 平均日收益率: 0.0332%
2026-01-29 17:34:23,039 - DataFetcher_jy - INFO -   - 累计收益率: 35.67%
2026-01-29 17:34:23,047 - DataFetcher_jy - ERROR - 保存指数 000922.SH 权重数据失败: `Import pytables` failed.  Use pip or conda to install the pytables package.
2026-01-29 17:34:23,061 - DataFetcher_jy - INFO - 指数 000922.SH 收益率数据已保存到 ./data/realtime_data\idx_000922_SH_return.csv (key: idx_000922_SH)
2026-01-29 17:34:23,061 - DataFetcher_jy - INFO - 
指数 000922.SH 行情统计信息:
2026-01-29 17:34:23,061 - DataFetcher_jy - INFO -   - 数据日期范围: 2020-12-28 00:00:00 至 2026-01-29 00:00:00
2026-01-29 17:34:23,062 - DataFetcher_jy - INFO -   - 总交易日数: 1235
2026-01-29 17:34:23,062 - DataFetcher_jy - INFO -   - 平均日收益率: 0.0232%
2026-01-29 17:34:23,063 - DataFetcher_jy - INFO -   - 累计收益率: 24.82%
2026-01-29 17:34:23,170 - DataFetcher_jy - ERROR - 保存指数 000985 权重数据失败: `Import pytables` failed.  Use pip or conda to install the pytables package.
2026-01-29 17:34:23,181 - DataFetcher_jy - INFO - 指数 000985 收益率数据已保存到 ./data/realtime_data\idx_000985_return.csv (key: idx_000985)
2026-01-29 17:34:23,182 - DataFetcher_jy - INFO - 
指数 000985 行情统计信息:
2026-01-29 17:34:23,182 - DataFetcher_jy - INFO -   - 数据日期范围: 2020-12-28 00:00:00 至 2026-01-29 00:00:00
2026-01-29 17:34:23,182 - DataFetcher_jy - INFO -   - 总交易日数: 1235
2026-01-29 17:34:23,183 - DataFetcher_jy - INFO -   - 平均日收益率: 0.0187%
2026-01-29 17:34:23,183 - DataFetcher_jy - INFO -   - 累计收益率: 15.20%
2026-01-29 17:34:23,184 - DataFetcher_jy - INFO - 尝试获取基金数据: 512510
2026-01-29 17:34:23,262 - DataFetcher_jy - INFO - 基金 512510 行情数据已保存到 ./data/realtime_data\fund_512510_return.csv
2026-01-29 17:34:23,262 - DataFetcher_jy - INFO - 尝试获取基金数据: 515180
2026-01-29 17:34:23,338 - DataFetcher_jy - INFO - 基金 515180 行情数据已保存到 ./data/realtime_data\fund_515180_return.csv
2026-01-29 17:34:23,535 - DataFetcher_jy - INFO - 已成功合并 5 个文件，保存至: ./data/realtime_data\merged_index_fund_returns.csv
2026-01-29 17:34:23,536 - DataFetcher_jy - INFO - 合并后数据形状: (1235, 65)
2026-01-29 17:34:23,575 - DataFetcher_jy - INFO - 数据库连接已成功关闭
2026-01-30 15:46:55,274 - DataFetcher_jy - INFO - 数据库连接成功
2026-01-30 15:46:55,275 - DataFetcher_jy - INFO - 开始获取指数 000905.SH, 000985, 000922.SH, 512510, 515180 的权重数据和指数收益率...
2026-01-30 15:46:56,068 - DataFetcher_jy - INFO - 执行权重数据查询: 
                SELECT 
                    w.IndexCode,
                    w.EndDate,
                    w.InnerCode,
                    w.Weight,
                    w.UpdateTime
                FROM 
                    juyuandb.LC_IndexComponentsWeight w
                WHERE 
                    w.IndexCode IN (%s,%s,%s)
             AND w.EndDate >= %s AND w.EndDate <= %s
2026-01-30 15:47:00,392 - DataFetcher_jy - INFO - 查询到 310467 条权重记录
2026-01-30 15:47:00,766 - DataFetcher_jy - INFO - 成功获取交易日历数据，共 1458 个交易日
2026-01-30 15:47:00,767 - DataFetcher_jy - INFO - 执行指数行情查询: 
                SELECT 
                    q.ID,
                    q.InnerCode,
                    q.TradingDay,
                    q.PrevClosePrice,
                    q.OpenPrice,
                    q.HighPrice,
                    q.LowPrice,
                    q.ClosePrice,
                    q.TurnoverVolume,
                    q.TurnoverValue,
                    q.TurnoverDeals,
                    q.ChangePCT,
                    q.NegotiableMV,
                    q.XGRQ,
                    q.JSID
                FROM 
                    juyuandb.QT_IndexQuote q
                WHERE 
                    q.InnerCode IN (%s,%s,%s)
             AND q.TradingDay >= %s AND q.TradingDay <= %s
2026-01-30 15:47:10,104 - DataFetcher_jy - INFO - 查询到 3708 条指数行情记录
2026-01-30 15:47:10,153 - DataFetcher_jy - ERROR - 保存指数 000905.SH 权重数据失败: `Import pytables` failed.  Use pip or conda to install the pytables package.
2026-01-30 15:47:10,168 - DataFetcher_jy - INFO - 指数 000905.SH 收益率数据已保存到 ./data/realtime_data\idx_000905_SH_return.csv (key: idx_000905_SH)
2026-01-30 15:47:10,168 - DataFetcher_jy - INFO - 
指数 000905.SH 行情统计信息:
2026-01-30 15:47:10,169 - DataFetcher_jy - INFO -   - 数据日期范围: 2020-12-28 00:00:00 至 2026-01-30 00:00:00
2026-01-30 15:47:10,169 - DataFetcher_jy - INFO -   - 总交易日数: 1236
2026-01-30 15:47:10,170 - DataFetcher_jy - INFO -   - 平均日收益率: 0.0317%
2026-01-30 15:47:10,170 - DataFetcher_jy - INFO -   - 累计收益率: 33.32%
2026-01-30 15:47:10,181 - DataFetcher_jy - ERROR - 保存指数 000922.SH 权重数据失败: `Import pytables` failed.  Use pip or conda to install the pytables package.
2026-01-30 15:47:10,193 - DataFetcher_jy - INFO - 指数 000922.SH 收益率数据已保存到 ./data/realtime_data\idx_000922_SH_return.csv (key: idx_000922_SH)
2026-01-30 15:47:10,193 - DataFetcher_jy - INFO - 
指数 000922.SH 行情统计信息:
2026-01-30 15:47:10,194 - DataFetcher_jy - INFO -   - 数据日期范围: 2020-12-28 00:00:00 至 2026-01-30 00:00:00
2026-01-30 15:47:10,194 - DataFetcher_jy - INFO -   - 总交易日数: 1236
2026-01-30 15:47:10,195 - DataFetcher_jy - INFO -   - 平均日收益率: 0.0223%
2026-01-30 15:47:10,195 - DataFetcher_jy - INFO -   - 累计收益率: 23.57%
2026-01-30 15:47:10,306 - DataFetcher_jy - ERROR - 保存指数 000985 权重数据失败: `Import pytables` failed.  Use pip or conda to install the pytables package.
2026-01-30 15:47:10,318 - DataFetcher_jy - INFO - 指数 000985 收益率数据已保存到 ./data/realtime_data\idx_000985_return.csv (key: idx_000985)
2026-01-30 15:47:10,318 - DataFetcher_jy - INFO - 
指数 000985 行情统计信息:
2026-01-30 15:47:10,319 - DataFetcher_jy - INFO -   - 数据日期范围: 2020-12-28 00:00:00 至 2026-01-30 00:00:00
2026-01-30 15:47:10,319 - DataFetcher_jy - INFO -   - 总交易日数: 1236
2026-01-30 15:47:10,319 - DataFetcher_jy - INFO -   - 平均日收益率: 0.0180%
2026-01-30 15:47:10,320 - DataFetcher_jy - INFO -   - 累计收益率: 14.10%
2026-01-30 15:47:10,320 - DataFetcher_jy - INFO - 尝试获取基金数据: 512510
2026-01-30 15:47:10,406 - DataFetcher_jy - INFO - 基金 512510 行情数据已保存到 ./data/realtime_data\fund_512510_return.csv
2026-01-30 15:47:10,406 - DataFetcher_jy - INFO - 尝试获取基金数据: 515180
2026-01-30 15:47:10,480 - DataFetcher_jy - INFO - 基金 515180 行情数据已保存到 ./data/realtime_data\fund_515180_return.csv
2026-01-30 15:47:23,121 - DataFetcher_jy - INFO - 数据库连接成功
2026-01-30 15:47:23,121 - DataFetcher_jy - INFO - 开始获取指数 000905.SH, 000985, 000922.SH, 512510, 515180 的权重数据和指数收益率...
2026-01-30 15:47:23,541 - DataFetcher_jy - INFO - 执行权重数据查询: 
                SELECT 
                    w.IndexCode,
                    w.EndDate,
                    w.InnerCode,
                    w.Weight,
                    w.UpdateTime
                FROM 
                    juyuandb.LC_IndexComponentsWeight w
                WHERE 
                    w.IndexCode IN (%s,%s,%s)
             AND w.EndDate >= %s AND w.EndDate <= %s
2026-01-30 15:47:27,729 - DataFetcher_jy - INFO - 查询到 310467 条权重记录
2026-01-30 15:47:28,087 - DataFetcher_jy - INFO - 成功获取交易日历数据，共 1458 个交易日
2026-01-30 15:47:28,088 - DataFetcher_jy - INFO - 执行指数行情查询: 
                SELECT 
                    q.ID,
                    q.InnerCode,
                    q.TradingDay,
                    q.PrevClosePrice,
                    q.OpenPrice,
                    q.HighPrice,
                    q.LowPrice,
                    q.ClosePrice,
                    q.TurnoverVolume,
                    q.TurnoverValue,
                    q.TurnoverDeals,
                    q.ChangePCT,
                    q.NegotiableMV,
                    q.XGRQ,
                    q.JSID
                FROM 
                    juyuandb.QT_IndexQuote q
                WHERE 
                    q.InnerCode IN (%s,%s,%s)
             AND q.TradingDay >= %s AND q.TradingDay <= %s
2026-01-30 15:47:31,722 - DataFetcher_jy - INFO - 查询到 3708 条指数行情记录
2026-01-30 15:47:31,743 - DataFetcher_jy - ERROR - 保存指数 000905.SH 权重数据失败: `Import pytables` failed.  Use pip or conda to install the pytables package.
2026-01-30 15:47:31,756 - DataFetcher_jy - INFO - 指数 000905.SH 收益率数据已保存到 ./data/realtime_data\idx_000905_SH_return.csv (key: idx_000905_SH)
2026-01-30 15:47:31,756 - DataFetcher_jy - INFO - 
指数 000905.SH 行情统计信息:
2026-01-30 15:47:31,756 - DataFetcher_jy - INFO -   - 数据日期范围: 2020-12-28 00:00:00 至 2026-01-30 00:00:00
2026-01-30 15:47:31,757 - DataFetcher_jy - INFO -   - 总交易日数: 1236
2026-01-30 15:47:31,757 - DataFetcher_jy - INFO -   - 平均日收益率: 0.0317%
2026-01-30 15:47:31,758 - DataFetcher_jy - INFO -   - 累计收益率: 33.32%
2026-01-30 15:47:31,766 - DataFetcher_jy - ERROR - 保存指数 000922.SH 权重数据失败: `Import pytables` failed.  Use pip or conda to install the pytables package.
2026-01-30 15:47:31,778 - DataFetcher_jy - INFO - 指数 000922.SH 收益率数据已保存到 ./data/realtime_data\idx_000922_SH_return.csv (key: idx_000922_SH)
2026-01-30 15:47:31,779 - DataFetcher_jy - INFO - 
指数 000922.SH 行情统计信息:
2026-01-30 15:47:31,779 - DataFetcher_jy - INFO -   - 数据日期范围: 2020-12-28 00:00:00 至 2026-01-30 00:00:00
2026-01-30 15:47:31,779 - DataFetcher_jy - INFO -   - 总交易日数: 1236
2026-01-30 15:47:31,780 - DataFetcher_jy - INFO -   - 平均日收益率: 0.0223%
2026-01-30 15:47:31,780 - DataFetcher_jy - INFO -   - 累计收益率: 23.57%
2026-01-30 15:47:31,884 - DataFetcher_jy - ERROR - 保存指数 000985 权重数据失败: `Import pytables` failed.  Use pip or conda to install the pytables package.
2026-01-30 15:47:31,897 - DataFetcher_jy - INFO - 指数 000985 收益率数据已保存到 ./data/realtime_data\idx_000985_return.csv (key: idx_000985)
2026-01-30 15:47:31,898 - DataFetcher_jy - INFO - 
指数 000985 行情统计信息:
2026-01-30 15:47:31,899 - DataFetcher_jy - INFO -   - 数据日期范围: 2020-12-28 00:00:00 至 2026-01-30 00:00:00
2026-01-30 15:47:31,899 - DataFetcher_jy - INFO -   - 总交易日数: 1236
2026-01-30 15:47:31,899 - DataFetcher_jy - INFO -   - 平均日收益率: 0.0180%
2026-01-30 15:47:31,900 - DataFetcher_jy - INFO -   - 累计收益率: 14.10%
2026-01-30 15:47:31,900 - DataFetcher_jy - INFO - 尝试获取基金数据: 512510
2026-01-30 15:47:31,980 - DataFetcher_jy - INFO - 基金 512510 行情数据已保存到 ./data/realtime_data\fund_512510_return.csv
2026-01-30 15:47:31,981 - DataFetcher_jy - INFO - 尝试获取基金数据: 515180
2026-01-30 15:47:32,055 - DataFetcher_jy - INFO - 基金 515180 行情数据已保存到 ./data/realtime_data\fund_515180_return.csv
2026-01-30 15:47:32,269 - DataFetcher_jy - INFO - 已成功合并 5 个文件，保存至: ./data/realtime_data\merged_index_fund_returns.csv
2026-01-30 15:47:32,269 - DataFetcher_jy - INFO - 合并后数据形状: (1236, 65)
2026-01-30 15:47:32,307 - DataFetcher_jy - INFO - 数据库连接已成功关闭
2026-02-02 16:38:02,420 - DataFetcher_jy - INFO - 数据库连接成功
2026-02-02 16:38:02,426 - DataFetcher_jy - INFO - 开始获取指数 000905.SH, 000985, 000922.SH, 512510, 515180 的权重数据和指数收益率...
2026-02-02 16:38:05,508 - DataFetcher_jy - INFO - 执行权重数据查询: 
                SELECT 
                    w.IndexCode,
                    w.EndDate,
                    w.InnerCode,
                    w.Weight,
                    w.UpdateTime
                FROM 
                    juyuandb.LC_IndexComponentsWeight w
                WHERE 
                    w.IndexCode IN (%s,%s,%s)
             AND w.EndDate >= %s AND w.EndDate <= %s
2026-02-02 16:38:10,171 - DataFetcher_jy - INFO - 查询到 316233 条权重记录
2026-02-02 16:38:10,594 - DataFetcher_jy - INFO - 成功获取交易日历数据，共 1458 个交易日
2026-02-02 16:38:10,595 - DataFetcher_jy - INFO - 执行指数行情查询: 
                SELECT 
                    q.ID,
                    q.InnerCode,
                    q.TradingDay,
                    q.PrevClosePrice,
                    q.OpenPrice,
                    q.HighPrice,
                    q.LowPrice,
                    q.ClosePrice,
                    q.TurnoverVolume,
                    q.TurnoverValue,
                    q.TurnoverDeals,
                    q.ChangePCT,
                    q.NegotiableMV,
                    q.XGRQ,
                    q.JSID
                FROM 
                    juyuandb.QT_IndexQuote q
                WHERE 
                    q.InnerCode IN (%s,%s,%s)
             AND q.TradingDay >= %s AND q.TradingDay <= %s
2026-02-02 16:38:21,061 - DataFetcher_jy - INFO - 查询到 3711 条指数行情记录
2026-02-02 16:38:21,101 - DataFetcher_jy - ERROR - 保存指数 000905.SH 权重数据失败: `Import pytables` failed.  Use pip or conda to install the pytables package.
2026-02-02 16:38:21,116 - DataFetcher_jy - INFO - 指数 000905.SH 收益率数据已保存到 ./data/realtime_data\idx_000905_SH_return.csv (key: idx_000905_SH)
2026-02-02 16:38:21,116 - DataFetcher_jy - INFO - 
指数 000905.SH 行情统计信息:
2026-02-02 16:38:21,117 - DataFetcher_jy - INFO -   - 数据日期范围: 2020-12-28 00:00:00 至 2026-02-02 00:00:00
2026-02-02 16:38:21,117 - DataFetcher_jy - INFO -   - 总交易日数: 1237
2026-02-02 16:38:21,118 - DataFetcher_jy - INFO -   - 平均日收益率: 0.0285%
2026-02-02 16:38:21,118 - DataFetcher_jy - INFO -   - 累计收益率: 28.01%
2026-02-02 16:38:21,127 - DataFetcher_jy - ERROR - 保存指数 000922.SH 权重数据失败: `Import pytables` failed.  Use pip or conda to install the pytables package.
2026-02-02 16:38:21,139 - DataFetcher_jy - INFO - 指数 000922.SH 收益率数据已保存到 ./data/realtime_data\idx_000922_SH_return.csv (key: idx_000922_SH)
2026-02-02 16:38:21,139 - DataFetcher_jy - INFO - 
指数 000922.SH 行情统计信息:
2026-02-02 16:38:21,139 - DataFetcher_jy - INFO -   - 数据日期范围: 2020-12-28 00:00:00 至 2026-02-02 00:00:00
2026-02-02 16:38:21,140 - DataFetcher_jy - INFO -   - 总交易日数: 1237
2026-02-02 16:38:21,140 - DataFetcher_jy - INFO -   - 平均日收益率: 0.0198%
2026-02-02 16:38:21,141 - DataFetcher_jy - INFO -   - 累计收益率: 19.71%
2026-02-02 16:38:21,259 - DataFetcher_jy - ERROR - 保存指数 000985 权重数据失败: `Import pytables` failed.  Use pip or conda to install the pytables package.
2026-02-02 16:38:21,271 - DataFetcher_jy - INFO - 指数 000985 收益率数据已保存到 ./data/realtime_data\idx_000985_return.csv (key: idx_000985)
2026-02-02 16:38:21,272 - DataFetcher_jy - INFO - 
指数 000985 行情统计信息:
2026-02-02 16:38:21,272 - DataFetcher_jy - INFO -   - 数据日期范围: 2020-12-28 00:00:00 至 2026-02-02 00:00:00
2026-02-02 16:38:21,272 - DataFetcher_jy - INFO -   - 总交易日数: 1237
2026-02-02 16:38:21,273 - DataFetcher_jy - INFO -   - 平均日收益率: 0.0157%
2026-02-02 16:38:21,274 - DataFetcher_jy - INFO -   - 累计收益率: 10.98%
2026-02-02 16:38:21,274 - DataFetcher_jy - INFO - 尝试获取基金数据: 512510
2026-02-02 16:38:21,365 - DataFetcher_jy - INFO - 基金 512510 行情数据已保存到 ./data/realtime_data\fund_512510_return.csv
2026-02-02 16:38:21,365 - DataFetcher_jy - INFO - 尝试获取基金数据: 515180
2026-02-02 16:38:21,455 - DataFetcher_jy - INFO - 基金 515180 行情数据已保存到 ./data/realtime_data\fund_515180_return.csv
2026-02-02 16:38:21,668 - DataFetcher_jy - INFO - 已成功合并 5 个文件，保存至: ./data/realtime_data\merged_index_fund_returns.csv
2026-02-02 16:38:21,668 - DataFetcher_jy - INFO - 合并后数据形状: (1237, 65)
2026-02-02 16:38:21,711 - DataFetcher_jy - INFO - 数据库连接已成功关闭
2026-02-02 17:41:25,084 - DataFetcher_jy - INFO - 数据库连接成功
2026-02-02 17:41:25,084 - DataFetcher_jy - INFO - 开始获取指数 000905.SH, 000300.SH, 512510, 510300 的权重数据和指数收益率...
2026-02-02 17:41:25,409 - DataFetcher_jy - INFO - 执行权重数据查询: 
                SELECT 
                    w.IndexCode,
                    w.EndDate,
                    w.InnerCode,
                    w.Weight,
                    w.UpdateTime
                FROM 
                    juyuandb.LC_IndexComponentsWeight w
                WHERE 
                    w.IndexCode IN (%s,%s)
             AND w.EndDate >= %s AND w.EndDate <= %s
2026-02-02 17:41:26,228 - DataFetcher_jy - INFO - 查询到 49600 条权重记录
2026-02-02 17:41:28,033 - DataFetcher_jy - INFO - 成功获取交易日历数据，共 1458 个交易日
2026-02-02 17:41:28,035 - DataFetcher_jy - INFO - 执行指数行情查询: 
                SELECT 
                    q.ID,
                    q.InnerCode,
                    q.TradingDay,
                    q.PrevClosePrice,
                    q.OpenPrice,
                    q.HighPrice,
                    q.LowPrice,
                    q.ClosePrice,
                    q.TurnoverVolume,
                    q.TurnoverValue,
                    q.TurnoverDeals,
                    q.ChangePCT,
                    q.NegotiableMV,
                    q.XGRQ,
                    q.JSID
                FROM 
                    juyuandb.QT_IndexQuote q
                WHERE 
                    q.InnerCode IN (%s,%s)
             AND q.TradingDay >= %s AND q.TradingDay <= %s
2026-02-02 17:41:33,118 - DataFetcher_jy - INFO - 查询到 2474 条指数行情记录
2026-02-02 17:41:33,134 - DataFetcher_jy - ERROR - 保存指数 000300.SH 权重数据失败: `Import pytables` failed.  Use pip or conda to install the pytables package.
2026-02-02 17:41:33,146 - DataFetcher_jy - INFO - 指数 000300.SH 收益率数据已保存到 ./data/caprot_data\idx_000300_SH_return.csv (key: idx_000300_SH)
2026-02-02 17:41:33,147 - DataFetcher_jy - INFO - 
指数 000300.SH 行情统计信息:
2026-02-02 17:41:33,147 - DataFetcher_jy - INFO -   - 数据日期范围: 2020-12-28 00:00:00 至 2026-02-02 00:00:00
2026-02-02 17:41:33,148 - DataFetcher_jy - INFO -   - 总交易日数: 1237
2026-02-02 17:41:33,148 - DataFetcher_jy - INFO -   - 平均日收益率: -0.0009%
2026-02-02 17:41:33,149 - DataFetcher_jy - INFO -   - 累计收益率: -8.65%
2026-02-02 17:41:33,171 - DataFetcher_jy - ERROR - 保存指数 000905.SH 权重数据失败: `Import pytables` failed.  Use pip or conda to install the pytables package.
2026-02-02 17:41:33,184 - DataFetcher_jy - INFO - 指数 000905.SH 收益率数据已保存到 ./data/caprot_data\idx_000905_SH_return.csv (key: idx_000905_SH)
2026-02-02 17:41:33,184 - DataFetcher_jy - INFO - 
指数 000905.SH 行情统计信息:
2026-02-02 17:41:33,185 - DataFetcher_jy - INFO -   - 数据日期范围: 2020-12-28 00:00:00 至 2026-02-02 00:00:00
2026-02-02 17:41:33,185 - DataFetcher_jy - INFO -   - 总交易日数: 1237
2026-02-02 17:41:33,186 - DataFetcher_jy - INFO -   - 平均日收益率: 0.0285%
2026-02-02 17:41:33,186 - DataFetcher_jy - INFO -   - 累计收益率: 28.01%
2026-02-02 17:41:33,187 - DataFetcher_jy - INFO - 尝试获取基金数据: 512510
2026-02-02 17:41:33,287 - DataFetcher_jy - INFO - 基金 512510 行情数据已保存到 ./data/caprot_data\fund_512510_return.csv
2026-02-02 17:41:33,287 - DataFetcher_jy - INFO - 尝试获取基金数据: 510300
2026-02-02 17:41:33,367 - DataFetcher_jy - INFO - 基金 510300 行情数据已保存到 ./data/caprot_data\fund_510300_return.csv
2026-02-02 17:41:33,535 - DataFetcher_jy - INFO - 已成功合并 4 个文件，保存至: ./data/caprot_data\merged_data_caprot.csv
2026-02-02 17:41:33,536 - DataFetcher_jy - INFO - 合并后数据形状: (1237, 54)
2026-02-02 17:41:33,569 - DataFetcher_jy - INFO - 数据库连接已成功关闭
2026-02-03 17:38:00,025 - DataFetcher_jy - INFO - 数据库连接成功
2026-02-03 17:38:00,025 - DataFetcher_jy - INFO - 开始获取指数 000905.SH, 000985, 000922.SH, 512510, 515180 的权重数据和指数收益率...
2026-02-03 17:38:00,487 - DataFetcher_jy - INFO - 执行权重数据查询: 
                SELECT 
                    w.IndexCode,
                    w.EndDate,
                    w.InnerCode,
                    w.Weight,
                    w.UpdateTime
                FROM 
                    juyuandb.LC_IndexComponentsWeight w
                WHERE 
                    w.IndexCode IN (%s,%s,%s)
             AND w.EndDate >= %s AND w.EndDate <= %s
2026-02-03 17:38:04,582 - DataFetcher_jy - INFO - 查询到 316233 条权重记录
2026-02-03 17:38:04,977 - DataFetcher_jy - INFO - 成功获取交易日历数据，共 1458 个交易日
2026-02-03 17:38:04,978 - DataFetcher_jy - INFO - 执行指数行情查询: 
                SELECT 
                    q.ID,
                    q.InnerCode,
                    q.TradingDay,
                    q.PrevClosePrice,
                    q.OpenPrice,
                    q.HighPrice,
                    q.LowPrice,
                    q.ClosePrice,
                    q.TurnoverVolume,
                    q.TurnoverValue,
                    q.TurnoverDeals,
                    q.ChangePCT,
                    q.NegotiableMV,
                    q.XGRQ,
                    q.JSID
                FROM 
                    juyuandb.QT_IndexQuote q
                WHERE 
                    q.InnerCode IN (%s,%s,%s)
             AND q.TradingDay >= %s AND q.TradingDay <= %s
2026-02-03 17:38:14,401 - DataFetcher_jy - INFO - 查询到 3714 条指数行情记录
2026-02-03 17:38:14,429 - DataFetcher_jy - ERROR - 保存指数 000905.SH 权重数据失败: `Import pytables` failed.  Use pip or conda to install the pytables package.
2026-02-03 17:38:14,444 - DataFetcher_jy - INFO - 指数 000905.SH 收益率数据已保存到 ./data/realtime_data\idx_000905_SH_return.csv (key: idx_000905_SH)
2026-02-03 17:38:14,445 - DataFetcher_jy - INFO - 
指数 000905.SH 行情统计信息:
2026-02-03 17:38:14,445 - DataFetcher_jy - INFO -   - 数据日期范围: 2020-12-28 00:00:00 至 2026-02-03 00:00:00
2026-02-03 17:38:14,445 - DataFetcher_jy - INFO -   - 总交易日数: 1238
2026-02-03 17:38:14,446 - DataFetcher_jy - INFO -   - 平均日收益率: 0.0310%
2026-02-03 17:38:14,447 - DataFetcher_jy - INFO -   - 累计收益率: 31.99%
2026-02-03 17:38:14,455 - DataFetcher_jy - ERROR - 保存指数 000922.SH 权重数据失败: `Import pytables` failed.  Use pip or conda to install the pytables package.
2026-02-03 17:38:14,469 - DataFetcher_jy - INFO - 指数 000922.SH 收益率数据已保存到 ./data/realtime_data\idx_000922_SH_return.csv (key: idx_000922_SH)
2026-02-03 17:38:14,470 - DataFetcher_jy - INFO - 
指数 000922.SH 行情统计信息:
2026-02-03 17:38:14,470 - DataFetcher_jy - INFO -   - 数据日期范围: 2020-12-28 00:00:00 至 2026-02-03 00:00:00
2026-02-03 17:38:14,471 - DataFetcher_jy - INFO -   - 总交易日数: 1238
2026-02-03 17:38:14,472 - DataFetcher_jy - INFO -   - 平均日收益率: 0.0204%
2026-02-03 17:38:14,472 - DataFetcher_jy - INFO -   - 累计收益率: 20.62%
2026-02-03 17:38:14,592 - DataFetcher_jy - ERROR - 保存指数 000985 权重数据失败: `Import pytables` failed.  Use pip or conda to install the pytables package.
2026-02-03 17:38:14,604 - DataFetcher_jy - INFO - 指数 000985 收益率数据已保存到 ./data/realtime_data\idx_000985_return.csv (key: idx_000985)
2026-02-03 17:38:14,604 - DataFetcher_jy - INFO - 
指数 000985 行情统计信息:
2026-02-03 17:38:14,605 - DataFetcher_jy - INFO -   - 数据日期范围: 2020-12-28 00:00:00 至 2026-02-03 00:00:00
2026-02-03 17:38:14,606 - DataFetcher_jy - INFO -   - 总交易日数: 1238
2026-02-03 17:38:14,606 - DataFetcher_jy - INFO -   - 平均日收益率: 0.0174%
2026-02-03 17:38:14,607 - DataFetcher_jy - INFO -   - 累计收益率: 13.33%
2026-02-03 17:38:14,607 - DataFetcher_jy - INFO - 尝试获取基金数据: 512510
2026-02-03 17:38:14,700 - DataFetcher_jy - INFO - 基金 512510 行情数据已保存到 ./data/realtime_data\fund_512510_return.csv
2026-02-03 17:38:14,700 - DataFetcher_jy - INFO - 尝试获取基金数据: 515180
2026-02-03 17:38:14,782 - DataFetcher_jy - INFO - 基金 515180 行情数据已保存到 ./data/realtime_data\fund_515180_return.csv
2026-02-03 17:38:15,015 - DataFetcher_jy - INFO - 已成功合并 5 个文件，保存至: ./data/realtime_data\merged_index_fund_returns.csv
2026-02-03 17:38:15,016 - DataFetcher_jy - INFO - 合并后数据形状: (1238, 65)
2026-02-03 17:38:15,061 - DataFetcher_jy - INFO - 数据库连接已成功关闭
2026-02-04 15:35:14,405 - DataFetcher_jy - INFO - 数据库连接成功
2026-02-04 15:35:14,406 - DataFetcher_jy - INFO - 开始获取指数 000905.SH, 000985, 000922.SH, 512510, 515180 的权重数据和指数收益率...
2026-02-04 15:35:14,886 - DataFetcher_jy - INFO - 执行权重数据查询: 
                SELECT 
                    w.IndexCode,
                    w.EndDate,
                    w.InnerCode,
                    w.Weight,
                    w.UpdateTime
                FROM 
                    juyuandb.LC_IndexComponentsWeight w
                WHERE 
                    w.IndexCode IN (%s,%s,%s)
             AND w.EndDate >= %s AND w.EndDate <= %s
2026-02-04 15:35:18,989 - DataFetcher_jy - INFO - 查询到 316233 条权重记录
2026-02-04 15:35:19,378 - DataFetcher_jy - INFO - 成功获取交易日历数据，共 1458 个交易日
2026-02-04 15:35:19,379 - DataFetcher_jy - INFO - 执行指数行情查询: 
                SELECT 
                    q.ID,
                    q.InnerCode,
                    q.TradingDay,
                    q.PrevClosePrice,
                    q.OpenPrice,
                    q.HighPrice,
                    q.LowPrice,
                    q.ClosePrice,
                    q.TurnoverVolume,
                    q.TurnoverValue,
                    q.TurnoverDeals,
                    q.ChangePCT,
                    q.NegotiableMV,
                    q.XGRQ,
                    q.JSID
                FROM 
                    juyuandb.QT_IndexQuote q
                WHERE 
                    q.InnerCode IN (%s,%s,%s)
             AND q.TradingDay >= %s AND q.TradingDay <= %s
2026-02-04 15:35:29,467 - DataFetcher_jy - INFO - 查询到 3717 条指数行情记录
2026-02-04 15:35:29,496 - DataFetcher_jy - ERROR - 保存指数 000905.SH 权重数据失败: `Import pytables` failed.  Use pip or conda to install the pytables package.
2026-02-04 15:35:29,513 - DataFetcher_jy - INFO - 指数 000905.SH 收益率数据已保存到 ./data/realtime_data\idx_000905_SH_return.csv (key: idx_000905_SH)
2026-02-04 15:35:29,513 - DataFetcher_jy - INFO - 
指数 000905.SH 行情统计信息:
2026-02-04 15:35:29,514 - DataFetcher_jy - INFO -   - 数据日期范围: 2020-12-28 00:00:00 至 2026-02-04 00:00:00
2026-02-04 15:35:29,514 - DataFetcher_jy - INFO -   - 总交易日数: 1239
2026-02-04 15:35:29,515 - DataFetcher_jy - INFO -   - 平均日收益率: 0.0311%
2026-02-04 15:35:29,515 - DataFetcher_jy - INFO -   - 累计收益率: 32.18%
2026-02-04 15:35:29,524 - DataFetcher_jy - ERROR - 保存指数 000922.SH 权重数据失败: `Import pytables` failed.  Use pip or conda to install the pytables package.
2026-02-04 15:35:29,534 - DataFetcher_jy - INFO - 指数 000922.SH 收益率数据已保存到 ./data/realtime_data\idx_000922_SH_return.csv (key: idx_000922_SH)
2026-02-04 15:35:29,535 - DataFetcher_jy - INFO - 
指数 000922.SH 行情统计信息:
2026-02-04 15:35:29,535 - DataFetcher_jy - INFO -   - 数据日期范围: 2020-12-28 00:00:00 至 2026-02-04 00:00:00
2026-02-04 15:35:29,536 - DataFetcher_jy - INFO -   - 总交易日数: 1239
2026-02-04 15:35:29,537 - DataFetcher_jy - INFO -   - 平均日收益率: 0.0225%
2026-02-04 15:35:29,537 - DataFetcher_jy - INFO -   - 累计收益率: 23.83%
2026-02-04 15:35:29,645 - DataFetcher_jy - ERROR - 保存指数 000985 权重数据失败: `Import pytables` failed.  Use pip or conda to install the pytables package.
2026-02-04 15:35:29,658 - DataFetcher_jy - INFO - 指数 000985 收益率数据已保存到 ./data/realtime_data\idx_000985_return.csv (key: idx_000985)
2026-02-04 15:35:29,658 - DataFetcher_jy - INFO - 
指数 000985 行情统计信息:
2026-02-04 15:35:29,659 - DataFetcher_jy - INFO -   - 数据日期范围: 2020-12-28 00:00:00 至 2026-02-04 00:00:00
2026-02-04 15:35:29,659 - DataFetcher_jy - INFO -   - 总交易日数: 1239
2026-02-04 15:35:29,660 - DataFetcher_jy - INFO -   - 平均日收益率: 0.0178%
2026-02-04 15:35:29,661 - DataFetcher_jy - INFO -   - 累计收益率: 13.85%
2026-02-04 15:35:29,661 - DataFetcher_jy - INFO - 尝试获取基金数据: 512510
2026-02-04 15:35:29,764 - DataFetcher_jy - INFO - 基金 512510 行情数据已保存到 ./data/realtime_data\fund_512510_return.csv
2026-02-04 15:35:29,765 - DataFetcher_jy - INFO - 尝试获取基金数据: 515180
2026-02-04 15:35:29,844 - DataFetcher_jy - INFO - 基金 515180 行情数据已保存到 ./data/realtime_data\fund_515180_return.csv
2026-02-04 15:35:30,065 - DataFetcher_jy - INFO - 已成功合并 5 个文件，保存至: ./data/realtime_data\merged_index_fund_returns.csv
2026-02-04 15:35:30,066 - DataFetcher_jy - INFO - 合并后数据形状: (1239, 65)
2026-02-04 15:35:30,111 - DataFetcher_jy - INFO - 数据库连接已成功关闭
2026-02-05 15:29:51,765 - DataFetcher_jy - INFO - 数据库连接成功
2026-02-05 15:29:51,765 - DataFetcher_jy - INFO - 开始获取指数 000905.SH, 000985, 000922.SH, 512510, 515180 的权重数据和指数收益率...
2026-02-05 15:29:52,044 - DataFetcher_jy - INFO - 执行权重数据查询: 
                SELECT 
                    w.IndexCode,
                    w.EndDate,
                    w.InnerCode,
                    w.Weight,
                    w.UpdateTime
                FROM 
                    juyuandb.LC_IndexComponentsWeight w
                WHERE 
                    w.IndexCode IN (%s,%s,%s)
             AND w.EndDate >= %s AND w.EndDate <= %s
2026-02-05 15:29:56,083 - DataFetcher_jy - INFO - 查询到 316233 条权重记录
2026-02-05 15:29:56,455 - DataFetcher_jy - INFO - 成功获取交易日历数据，共 1458 个交易日
2026-02-05 15:29:56,456 - DataFetcher_jy - INFO - 执行指数行情查询: 
                SELECT 
                    q.ID,
                    q.InnerCode,
                    q.TradingDay,
                    q.PrevClosePrice,
                    q.OpenPrice,
                    q.HighPrice,
                    q.LowPrice,
                    q.ClosePrice,
                    q.TurnoverVolume,
                    q.TurnoverValue,
                    q.TurnoverDeals,
                    q.ChangePCT,
                    q.NegotiableMV,
                    q.XGRQ,
                    q.JSID
                FROM 
                    juyuandb.QT_IndexQuote q
                WHERE 
                    q.InnerCode IN (%s,%s,%s)
             AND q.TradingDay >= %s AND q.TradingDay <= %s
2026-02-05 15:30:06,979 - DataFetcher_jy - INFO - 查询到 3720 条指数行情记录
2026-02-05 15:30:07,001 - DataFetcher_jy - ERROR - 保存指数 000905.SH 权重数据失败: `Import pytables` failed.  Use pip or conda to install the pytables package.
2026-02-05 15:30:07,017 - DataFetcher_jy - INFO - 指数 000905.SH 收益率数据已保存到 ./data/realtime_data\idx_000905_SH_return.csv (key: idx_000905_SH)
2026-02-05 15:30:07,017 - DataFetcher_jy - INFO - 
指数 000905.SH 行情统计信息:
2026-02-05 15:30:07,018 - DataFetcher_jy - INFO -   - 数据日期范围: 2020-12-28 00:00:00 至 2026-02-05 00:00:00
2026-02-05 15:30:07,018 - DataFetcher_jy - INFO -   - 总交易日数: 1240
2026-02-05 15:30:07,018 - DataFetcher_jy - INFO -   - 平均日收益率: 0.0296%
2026-02-05 15:30:07,019 - DataFetcher_jy - INFO -   - 累计收益率: 29.75%
2026-02-05 15:30:07,028 - DataFetcher_jy - ERROR - 保存指数 000922.SH 权重数据失败: `Import pytables` failed.  Use pip or conda to install the pytables package.
2026-02-05 15:30:07,040 - DataFetcher_jy - INFO - 指数 000922.SH 收益率数据已保存到 ./data/realtime_data\idx_000922_SH_return.csv (key: idx_000922_SH)
2026-02-05 15:30:07,040 - DataFetcher_jy - INFO - 
指数 000922.SH 行情统计信息:
2026-02-05 15:30:07,041 - DataFetcher_jy - INFO -   - 数据日期范围: 2020-12-28 00:00:00 至 2026-02-05 00:00:00
2026-02-05 15:30:07,041 - DataFetcher_jy - INFO -   - 总交易日数: 1240
2026-02-05 15:30:07,042 - DataFetcher_jy - INFO -   - 平均日收益率: 0.0222%
2026-02-05 15:30:07,043 - DataFetcher_jy - INFO -   - 累计收益率: 23.28%
2026-02-05 15:30:07,149 - DataFetcher_jy - ERROR - 保存指数 000985 权重数据失败: `Import pytables` failed.  Use pip or conda to install the pytables package.
2026-02-05 15:30:07,163 - DataFetcher_jy - INFO - 指数 000985 收益率数据已保存到 ./data/realtime_data\idx_000985_return.csv (key: idx_000985)
2026-02-05 15:30:07,164 - DataFetcher_jy - INFO - 
指数 000985 行情统计信息:
2026-02-05 15:30:07,164 - DataFetcher_jy - INFO -   - 数据日期范围: 2020-12-28 00:00:00 至 2026-02-05 00:00:00
2026-02-05 15:30:07,165 - DataFetcher_jy - INFO -   - 总交易日数: 1240
2026-02-05 15:30:07,165 - DataFetcher_jy - INFO -   - 平均日收益率: 0.0169%
2026-02-05 15:30:07,166 - DataFetcher_jy - INFO -   - 累计收益率: 12.59%
2026-02-05 15:30:07,166 - DataFetcher_jy - INFO - 尝试获取基金数据: 512510
2026-02-05 15:30:07,253 - DataFetcher_jy - INFO - 基金 512510 行情数据已保存到 ./data/realtime_data\fund_512510_return.csv
2026-02-05 15:30:07,254 - DataFetcher_jy - INFO - 尝试获取基金数据: 515180
2026-02-05 15:30:07,332 - DataFetcher_jy - INFO - 基金 515180 行情数据已保存到 ./data/realtime_data\fund_515180_return.csv
2026-02-05 15:30:07,546 - DataFetcher_jy - INFO - 已成功合并 5 个文件，保存至: ./data/realtime_data\merged_index_fund_returns.csv
2026-02-05 15:30:07,546 - DataFetcher_jy - INFO - 合并后数据形状: (1240, 65)
2026-02-05 15:30:07,584 - DataFetcher_jy - INFO - 数据库连接已成功关闭
2026-02-09 08:56:39,636 - DataFetcher_jy - INFO - 数据库连接成功
2026-02-09 08:56:39,636 - DataFetcher_jy - INFO - 开始获取指数 000905.SH, 000985, 000922.SH, 512510, 515180 的权重数据和指数收益率...
2026-02-09 08:56:39,994 - DataFetcher_jy - INFO - 执行权重数据查询: 
                SELECT 
                    w.IndexCode,
                    w.EndDate,
                    w.InnerCode,
                    w.Weight,
                    w.UpdateTime
                FROM 
                    juyuandb.LC_IndexComponentsWeight w
                WHERE 
                    w.IndexCode IN (%s,%s,%s)
             AND w.EndDate >= %s AND w.EndDate <= %s
2026-02-09 08:56:44,326 - DataFetcher_jy - INFO - 查询到 316233 条权重记录
2026-02-09 08:56:44,733 - DataFetcher_jy - INFO - 成功获取交易日历数据，共 1458 个交易日
2026-02-09 08:56:44,733 - DataFetcher_jy - INFO - 执行指数行情查询: 
                SELECT 
                    q.ID,
                    q.InnerCode,
                    q.TradingDay,
                    q.PrevClosePrice,
                    q.OpenPrice,
                    q.HighPrice,
                    q.LowPrice,
                    q.ClosePrice,
                    q.TurnoverVolume,
                    q.TurnoverValue,
                    q.TurnoverDeals,
                    q.ChangePCT,
                    q.NegotiableMV,
                    q.XGRQ,
                    q.JSID
                FROM 
                    juyuandb.QT_IndexQuote q
                WHERE 
                    q.InnerCode IN (%s,%s,%s)
             AND q.TradingDay >= %s AND q.TradingDay <= %s
2026-02-09 08:56:55,767 - DataFetcher_jy - INFO - 查询到 3723 条指数行情记录
2026-02-09 08:56:55,794 - DataFetcher_jy - ERROR - 保存指数 000905.SH 权重数据失败: `Import pytables` failed.  Use pip or conda to install the pytables package.
2026-02-09 08:56:55,809 - DataFetcher_jy - INFO - 指数 000905.SH 收益率数据已保存到 ./data/realtime_data\idx_000905_SH_return.csv (key: idx_000905_SH)
2026-02-09 08:56:55,809 - DataFetcher_jy - INFO - 
指数 000905.SH 行情统计信息:
2026-02-09 08:56:55,810 - DataFetcher_jy - INFO -   - 数据日期范围: 2020-12-28 00:00:00 至 2026-02-06 00:00:00
2026-02-09 08:56:55,810 - DataFetcher_jy - INFO -   - 总交易日数: 1241
2026-02-09 08:56:55,811 - DataFetcher_jy - INFO -   - 平均日收益率: 0.0295%
2026-02-09 08:56:55,811 - DataFetcher_jy - INFO -   - 累计收益率: 29.75%
2026-02-09 08:56:55,817 - DataFetcher_jy - ERROR - 保存指数 000922.SH 权重数据失败: `Import pytables` failed.  Use pip or conda to install the pytables package.
2026-02-09 08:56:55,834 - DataFetcher_jy - INFO - 指数 000922.SH 收益率数据已保存到 ./data/realtime_data\idx_000922_SH_return.csv (key: idx_000922_SH)
2026-02-09 08:56:55,836 - DataFetcher_jy - INFO - 
指数 000922.SH 行情统计信息:
2026-02-09 08:56:55,836 - DataFetcher_jy - INFO -   - 数据日期范围: 2020-12-28 00:00:00 至 2026-02-06 00:00:00
2026-02-09 08:56:55,837 - DataFetcher_jy - INFO -   - 总交易日数: 1241
2026-02-09 08:56:55,837 - DataFetcher_jy - INFO -   - 平均日收益率: 0.0219%
2026-02-09 08:56:55,838 - DataFetcher_jy - INFO -   - 累计收益率: 22.94%
2026-02-09 08:56:55,949 - DataFetcher_jy - ERROR - 保存指数 000985 权重数据失败: `Import pytables` failed.  Use pip or conda to install the pytables package.
2026-02-09 08:56:55,964 - DataFetcher_jy - INFO - 指数 000985 收益率数据已保存到 ./data/realtime_data\idx_000985_return.csv (key: idx_000985)
2026-02-09 08:56:55,965 - DataFetcher_jy - INFO - 
指数 000985 行情统计信息:
2026-02-09 08:56:55,965 - DataFetcher_jy - INFO -   - 数据日期范围: 2020-12-28 00:00:00 至 2026-02-06 00:00:00
2026-02-09 08:56:55,966 - DataFetcher_jy - INFO -   - 总交易日数: 1241
2026-02-09 08:56:55,966 - DataFetcher_jy - INFO -   - 平均日收益率: 0.0167%
2026-02-09 08:56:55,967 - DataFetcher_jy - INFO -   - 累计收益率: 12.32%
2026-02-09 08:56:55,967 - DataFetcher_jy - INFO - 尝试获取基金数据: 512510
2026-02-09 08:56:57,302 - DataFetcher_jy - INFO - 基金 512510 行情数据已保存到 ./data/realtime_data\fund_512510_return.csv
2026-02-09 08:56:57,302 - DataFetcher_jy - INFO - 尝试获取基金数据: 515180
2026-02-09 08:56:57,397 - DataFetcher_jy - INFO - 基金 515180 行情数据已保存到 ./data/realtime_data\fund_515180_return.csv
2026-02-09 08:56:57,656 - DataFetcher_jy - INFO - 已成功合并 5 个文件，保存至: ./data/realtime_data\merged_index_fund_returns.csv
2026-02-09 08:56:57,656 - DataFetcher_jy - INFO - 合并后数据形状: (1241, 65)
2026-02-09 08:56:57,695 - DataFetcher_jy - INFO - 数据库连接已成功关闭
2026-02-09 16:59:42,529 - DataFetcher_jy - INFO - 数据库连接成功
2026-02-09 16:59:42,529 - DataFetcher_jy - INFO - 开始获取指数 000905.SH, 000985, 000922.SH, 512510, 515180 的权重数据和指数收益率...
2026-02-09 16:59:42,997 - DataFetcher_jy - INFO - 执行权重数据查询: 
                SELECT 
                    w.IndexCode,
                    w.EndDate,
                    w.InnerCode,
                    w.Weight,
                    w.UpdateTime
                FROM 
                    juyuandb.LC_IndexComponentsWeight w
                WHERE 
                    w.IndexCode IN (%s,%s,%s)
             AND w.EndDate >= %s AND w.EndDate <= %s
2026-02-09 16:59:47,223 - DataFetcher_jy - INFO - 查询到 316233 条权重记录
2026-02-09 16:59:47,604 - DataFetcher_jy - INFO - 成功获取交易日历数据，共 1458 个交易日
2026-02-09 16:59:47,604 - DataFetcher_jy - INFO - 执行指数行情查询: 
                SELECT 
                    q.ID,
                    q.InnerCode,
                    q.TradingDay,
                    q.PrevClosePrice,
                    q.OpenPrice,
                    q.HighPrice,
                    q.LowPrice,
                    q.ClosePrice,
                    q.TurnoverVolume,
                    q.TurnoverValue,
                    q.TurnoverDeals,
                    q.ChangePCT,
                    q.NegotiableMV,
                    q.XGRQ,
                    q.JSID
                FROM 
                    juyuandb.QT_IndexQuote q
                WHERE 
                    q.InnerCode IN (%s,%s,%s)
             AND q.TradingDay >= %s AND q.TradingDay <= %s
2026-02-09 16:59:57,869 - DataFetcher_jy - INFO - 查询到 3726 条指数行情记录
2026-02-09 16:59:57,889 - DataFetcher_jy - ERROR - 保存指数 000905.SH 权重数据失败: `Import pytables` failed.  Use pip or conda to install the pytables package.
2026-02-09 16:59:57,907 - DataFetcher_jy - INFO - 指数 000905.SH 收益率数据已保存到 ./data/realtime_data\idx_000905_SH_return.csv (key: idx_000905_SH)
2026-02-09 16:59:57,907 - DataFetcher_jy - INFO - 
指数 000905.SH 行情统计信息:
2026-02-09 16:59:57,907 - DataFetcher_jy - INFO -   - 数据日期范围: 2020-12-28 00:00:00 至 2026-02-09 00:00:00
2026-02-09 16:59:57,908 - DataFetcher_jy - INFO -   - 总交易日数: 1242
2026-02-09 16:59:57,908 - DataFetcher_jy - INFO -   - 平均日收益率: 0.0311%
2026-02-09 16:59:57,909 - DataFetcher_jy - INFO -   - 累计收益率: 32.38%
2026-02-09 16:59:57,916 - DataFetcher_jy - ERROR - 保存指数 000922.SH 权重数据失败: `Import pytables` failed.  Use pip or conda to install the pytables package.
2026-02-09 16:59:57,931 - DataFetcher_jy - INFO - 指数 000922.SH 收益率数据已保存到 ./data/realtime_data\idx_000922_SH_return.csv (key: idx_000922_SH)
2026-02-09 16:59:57,931 - DataFetcher_jy - INFO - 
指数 000922.SH 行情统计信息:
2026-02-09 16:59:57,932 - DataFetcher_jy - INFO -   - 数据日期范围: 2020-12-28 00:00:00 至 2026-02-09 00:00:00
2026-02-09 16:59:57,932 - DataFetcher_jy - INFO -   - 总交易日数: 1242
2026-02-09 16:59:57,933 - DataFetcher_jy - INFO -   - 平均日收益率: 0.0224%
2026-02-09 16:59:57,933 - DataFetcher_jy - INFO -   - 累计收益率: 23.76%
2026-02-09 16:59:58,037 - DataFetcher_jy - ERROR - 保存指数 000985 权重数据失败: `Import pytables` failed.  Use pip or conda to install the pytables package.
2026-02-09 16:59:58,049 - DataFetcher_jy - INFO - 指数 000985 收益率数据已保存到 ./data/realtime_data\idx_000985_return.csv (key: idx_000985)
2026-02-09 16:59:58,049 - DataFetcher_jy - INFO - 
指数 000985 行情统计信息:
2026-02-09 16:59:58,050 - DataFetcher_jy - INFO -   - 数据日期范围: 2020-12-28 00:00:00 至 2026-02-09 00:00:00
2026-02-09 16:59:58,050 - DataFetcher_jy - INFO -   - 总交易日数: 1242
2026-02-09 16:59:58,051 - DataFetcher_jy - INFO -   - 平均日收益率: 0.0182%
2026-02-09 16:59:58,051 - DataFetcher_jy - INFO -   - 累计收益率: 14.46%
2026-02-09 16:59:58,051 - DataFetcher_jy - INFO - 尝试获取基金数据: 512510
2026-02-09 16:59:58,150 - DataFetcher_jy - INFO - 基金 512510 行情数据已保存到 ./data/realtime_data\fund_512510_return.csv
2026-02-09 16:59:58,150 - DataFetcher_jy - INFO - 尝试获取基金数据: 515180
2026-02-09 16:59:58,225 - DataFetcher_jy - INFO - 基金 515180 行情数据已保存到 ./data/realtime_data\fund_515180_return.csv
2026-02-09 16:59:58,439 - DataFetcher_jy - INFO - 已成功合并 5 个文件，保存至: ./data/realtime_data\merged_index_fund_returns.csv
2026-02-09 16:59:58,439 - DataFetcher_jy - INFO - 合并后数据形状: (1242, 65)
2026-02-09 16:59:58,480 - DataFetcher_jy - INFO - 数据库连接已成功关闭
2026-02-10 17:24:52,774 - DataFetcher_jy - INFO - 数据库连接成功
2026-02-10 17:24:52,775 - DataFetcher_jy - INFO - 开始获取指数 000905.SH, 000985, 000922.SH, 512510, 515180 的权重数据和指数收益率...
2026-02-10 17:24:53,227 - DataFetcher_jy - INFO - 执行权重数据查询: 
                SELECT 
                    w.IndexCode,
                    w.EndDate,
                    w.InnerCode,
                    w.Weight,
                    w.UpdateTime
                FROM 
                    juyuandb.LC_IndexComponentsWeight w
                WHERE 
                    w.IndexCode IN (%s,%s,%s)
             AND w.EndDate >= %s AND w.EndDate <= %s
2026-02-10 17:24:57,700 - DataFetcher_jy - INFO - 查询到 316233 条权重记录
2026-02-10 17:24:58,105 - DataFetcher_jy - INFO - 成功获取交易日历数据，共 1458 个交易日
2026-02-10 17:24:58,106 - DataFetcher_jy - INFO - 执行指数行情查询: 
                SELECT 
                    q.ID,
                    q.InnerCode,
                    q.TradingDay,
                    q.PrevClosePrice,
                    q.OpenPrice,
                    q.HighPrice,
                    q.LowPrice,
                    q.ClosePrice,
                    q.TurnoverVolume,
                    q.TurnoverValue,
                    q.TurnoverDeals,
                    q.ChangePCT,
                    q.NegotiableMV,
                    q.XGRQ,
                    q.JSID
                FROM 
                    juyuandb.QT_IndexQuote q
                WHERE 
                    q.InnerCode IN (%s,%s,%s)
             AND q.TradingDay >= %s AND q.TradingDay <= %s
2026-02-10 17:25:08,929 - DataFetcher_jy - INFO - 查询到 3729 条指数行情记录
2026-02-10 17:25:08,958 - DataFetcher_jy - ERROR - 保存指数 000905.SH 权重数据失败: `Import pytables` failed.  Use pip or conda to install the pytables package.
2026-02-10 17:25:08,972 - DataFetcher_jy - INFO - 指数 000905.SH 收益率数据已保存到 ./data/realtime_data\idx_000905_SH_return.csv (key: idx_000905_SH)
2026-02-10 17:25:08,972 - DataFetcher_jy - INFO - 
指数 000905.SH 行情统计信息:
2026-02-10 17:25:08,973 - DataFetcher_jy - INFO -   - 数据日期范围: 2020-12-28 00:00:00 至 2026-02-10 00:00:00
2026-02-10 17:25:08,974 - DataFetcher_jy - INFO -   - 总交易日数: 1243
2026-02-10 17:25:08,974 - DataFetcher_jy - INFO -   - 平均日收益率: 0.0311%
2026-02-10 17:25:08,975 - DataFetcher_jy - INFO -   - 累计收益率: 32.30%
2026-02-10 17:25:08,985 - DataFetcher_jy - ERROR - 保存指数 000922.SH 权重数据失败: `Import pytables` failed.  Use pip or conda to install the pytables package.
2026-02-10 17:25:09,000 - DataFetcher_jy - INFO - 指数 000922.SH 收益率数据已保存到 ./data/realtime_data\idx_000922_SH_return.csv (key: idx_000922_SH)
2026-02-10 17:25:09,000 - DataFetcher_jy - INFO - 
指数 000922.SH 行情统计信息:
2026-02-10 17:25:09,001 - DataFetcher_jy - INFO -   - 数据日期范围: 2020-12-28 00:00:00 至 2026-02-10 00:00:00
2026-02-10 17:25:09,001 - DataFetcher_jy - INFO -   - 总交易日数: 1243
2026-02-10 17:25:09,002 - DataFetcher_jy - INFO -   - 平均日收益率: 0.0227%
2026-02-10 17:25:09,003 - DataFetcher_jy - INFO -   - 累计收益率: 24.22%
2026-02-10 17:25:09,114 - DataFetcher_jy - ERROR - 保存指数 000985 权重数据失败: `Import pytables` failed.  Use pip or conda to install the pytables package.
2026-02-10 17:25:09,127 - DataFetcher_jy - INFO - 指数 000985 收益率数据已保存到 ./data/realtime_data\idx_000985_return.csv (key: idx_000985)
2026-02-10 17:25:09,127 - DataFetcher_jy - INFO - 
指数 000985 行情统计信息:
2026-02-10 17:25:09,128 - DataFetcher_jy - INFO -   - 数据日期范围: 2020-12-28 00:00:00 至 2026-02-10 00:00:00
2026-02-10 17:25:09,128 - DataFetcher_jy - INFO -   - 总交易日数: 1243
2026-02-10 17:25:09,128 - DataFetcher_jy - INFO -   - 平均日收益率: 0.0182%
2026-02-10 17:25:09,129 - DataFetcher_jy - INFO -   - 累计收益率: 14.54%
2026-02-10 17:25:09,130 - DataFetcher_jy - INFO - 尝试获取基金数据: 512510
2026-02-10 17:25:10,097 - DataFetcher_jy - INFO - 基金 512510 行情数据已保存到 ./data/realtime_data\fund_512510_return.csv
2026-02-10 17:25:10,098 - DataFetcher_jy - INFO - 尝试获取基金数据: 515180
2026-02-10 17:25:10,187 - DataFetcher_jy - INFO - 基金 515180 行情数据已保存到 ./data/realtime_data\fund_515180_return.csv
2026-02-10 17:25:10,490 - DataFetcher_jy - INFO - 已成功合并 5 个文件，保存至: ./data/realtime_data\merged_index_fund_returns.csv
2026-02-10 17:25:10,491 - DataFetcher_jy - INFO - 合并后数据形状: (1243, 65)
2026-02-10 17:25:10,533 - DataFetcher_jy - INFO - 数据库连接已成功关闭
2026-02-11 17:10:45,957 - DataFetcher_jy - INFO - 数据库连接成功
2026-02-11 17:10:45,958 - DataFetcher_jy - INFO - 开始获取指数 000905.SH, 000985, 000922.SH, 512510, 515180 的权重数据和指数收益率...
2026-02-11 17:10:46,425 - DataFetcher_jy - INFO - 执行权重数据查询: 
                SELECT 
                    w.IndexCode,
                    w.EndDate,
                    w.InnerCode,
                    w.Weight,
                    w.UpdateTime
                FROM 
                    juyuandb.LC_IndexComponentsWeight w
                WHERE 
                    w.IndexCode IN (%s,%s,%s)
             AND w.EndDate >= %s AND w.EndDate <= %s
2026-02-11 17:10:50,848 - DataFetcher_jy - INFO - 查询到 316233 条权重记录
2026-02-11 17:10:51,260 - DataFetcher_jy - INFO - 成功获取交易日历数据，共 1458 个交易日
2026-02-11 17:10:51,262 - DataFetcher_jy - INFO - 执行指数行情查询: 
                SELECT 
                    q.ID,
                    q.InnerCode,
                    q.TradingDay,
                    q.PrevClosePrice,
                    q.OpenPrice,
                    q.HighPrice,
                    q.LowPrice,
                    q.ClosePrice,
                    q.TurnoverVolume,
                    q.TurnoverValue,
                    q.TurnoverDeals,
                    q.ChangePCT,
                    q.NegotiableMV,
                    q.XGRQ,
                    q.JSID
                FROM 
                    juyuandb.QT_IndexQuote q
                WHERE 
                    q.InnerCode IN (%s,%s,%s)
             AND q.TradingDay >= %s AND q.TradingDay <= %s
2026-02-11 17:11:01,317 - DataFetcher_jy - INFO - 查询到 3732 条指数行情记录
2026-02-11 17:11:01,352 - DataFetcher_jy - ERROR - 保存指数 000905.SH 权重数据失败: `Import pytables` failed.  Use pip or conda to install the pytables package.
2026-02-11 17:11:01,368 - DataFetcher_jy - INFO - 指数 000905.SH 收益率数据已保存到 ./data/realtime_data\idx_000905_SH_return.csv (key: idx_000905_SH)
2026-02-11 17:11:01,368 - DataFetcher_jy - INFO - 
指数 000905.SH 行情统计信息:
2026-02-11 17:11:01,369 - DataFetcher_jy - INFO -   - 数据日期范围: 2020-12-28 00:00:00 至 2026-02-11 00:00:00
2026-02-11 17:11:01,369 - DataFetcher_jy - INFO -   - 总交易日数: 1244
2026-02-11 17:11:01,370 - DataFetcher_jy - INFO -   - 平均日收益率: 0.0312%
2026-02-11 17:11:01,371 - DataFetcher_jy - INFO -   - 累计收益率: 32.61%
2026-02-11 17:11:01,384 - DataFetcher_jy - ERROR - 保存指数 000922.SH 权重数据失败: `Import pytables` failed.  Use pip or conda to install the pytables package.
2026-02-11 17:11:01,405 - DataFetcher_jy - INFO - 指数 000922.SH 收益率数据已保存到 ./data/realtime_data\idx_000922_SH_return.csv (key: idx_000922_SH)
2026-02-11 17:11:01,406 - DataFetcher_jy - INFO - 
指数 000922.SH 行情统计信息:
2026-02-11 17:11:01,406 - DataFetcher_jy - INFO -   - 数据日期范围: 2020-12-28 00:00:00 至 2026-02-11 00:00:00
2026-02-11 17:11:01,407 - DataFetcher_jy - INFO -   - 总交易日数: 1244
2026-02-11 17:11:01,407 - DataFetcher_jy - INFO -   - 平均日收益率: 0.0233%
2026-02-11 17:11:01,408 - DataFetcher_jy - INFO -   - 累计收益率: 25.09%
2026-02-11 17:11:01,518 - DataFetcher_jy - ERROR - 保存指数 000985 权重数据失败: `Import pytables` failed.  Use pip or conda to install the pytables package.
2026-02-11 17:11:01,531 - DataFetcher_jy - INFO - 指数 000985 收益率数据已保存到 ./data/realtime_data\idx_000985_return.csv (key: idx_000985)
2026-02-11 17:11:01,532 - DataFetcher_jy - INFO - 
指数 000985 行情统计信息:
2026-02-11 17:11:01,533 - DataFetcher_jy - INFO -   - 数据日期范围: 2020-12-28 00:00:00 至 2026-02-11 00:00:00
2026-02-11 17:11:01,533 - DataFetcher_jy - INFO -   - 总交易日数: 1244
2026-02-11 17:11:01,533 - DataFetcher_jy - INFO -   - 平均日收益率: 0.0181%
2026-02-11 17:11:01,533 - DataFetcher_jy - INFO -   - 累计收益率: 14.35%
2026-02-11 17:11:01,534 - DataFetcher_jy - INFO - 尝试获取基金数据: 512510
2026-02-11 17:11:01,620 - DataFetcher_jy - INFO - 基金 512510 行情数据已保存到 ./data/realtime_data\fund_512510_return.csv
2026-02-11 17:11:01,621 - DataFetcher_jy - INFO - 尝试获取基金数据: 515180
2026-02-11 17:11:01,701 - DataFetcher_jy - INFO - 基金 515180 行情数据已保存到 ./data/realtime_data\fund_515180_return.csv
2026-02-11 17:11:01,997 - DataFetcher_jy - INFO - 已成功合并 5 个文件，保存至: ./data/realtime_data\merged_index_fund_returns.csv
2026-02-11 17:11:01,997 - DataFetcher_jy - INFO - 合并后数据形状: (1244, 65)
2026-02-11 17:11:02,050 - DataFetcher_jy - INFO - 数据库连接已成功关闭
2026-02-12 16:45:07,575 - DataFetcher_jy - INFO - 数据库连接成功
2026-02-12 16:45:07,575 - DataFetcher_jy - INFO - 开始获取指数 000905.SH, 000985, 000922.SH, 512510, 515180 的权重数据和指数收益率...
2026-02-12 16:45:08,672 - DataFetcher_jy - INFO - 执行权重数据查询: 
                SELECT 
                    w.IndexCode,
                    w.EndDate,
                    w.InnerCode,
                    w.Weight,
                    w.UpdateTime
                FROM 
                    juyuandb.LC_IndexComponentsWeight w
                WHERE 
                    w.IndexCode IN (%s,%s,%s)
             AND w.EndDate >= %s AND w.EndDate <= %s
2026-02-12 16:45:13,229 - DataFetcher_jy - INFO - 查询到 316233 条权重记录
2026-02-12 16:45:13,627 - DataFetcher_jy - INFO - 成功获取交易日历数据，共 1458 个交易日
2026-02-12 16:45:13,628 - DataFetcher_jy - INFO - 执行指数行情查询: 
                SELECT 
                    q.ID,
                    q.InnerCode,
                    q.TradingDay,
                    q.PrevClosePrice,
                    q.OpenPrice,
                    q.HighPrice,
                    q.LowPrice,
                    q.ClosePrice,
                    q.TurnoverVolume,
                    q.TurnoverValue,
                    q.TurnoverDeals,
                    q.ChangePCT,
                    q.NegotiableMV,
                    q.XGRQ,
                    q.JSID
                FROM 
                    juyuandb.QT_IndexQuote q
                WHERE 
                    q.InnerCode IN (%s,%s,%s)
             AND q.TradingDay >= %s AND q.TradingDay <= %s
2026-02-12 16:45:25,284 - DataFetcher_jy - INFO - 查询到 3735 条指数行情记录
2026-02-12 16:45:25,314 - DataFetcher_jy - ERROR - 保存指数 000905.SH 权重数据失败: `Import pytables` failed.  Use pip or conda to install the pytables package.
2026-02-12 16:45:25,331 - DataFetcher_jy - INFO - 指数 000905.SH 收益率数据已保存到 ./data/realtime_data\idx_000905_SH_return.csv (key: idx_000905_SH)
2026-02-12 16:45:25,332 - DataFetcher_jy - INFO - 
指数 000905.SH 行情统计信息:
2026-02-12 16:45:25,333 - DataFetcher_jy - INFO -   - 数据日期范围: 2020-12-28 00:00:00 至 2026-02-12 00:00:00
2026-02-12 16:45:25,334 - DataFetcher_jy - INFO -   - 总交易日数: 1245
2026-02-12 16:45:25,334 - DataFetcher_jy - INFO -   - 平均日收益率: 0.0322%
2026-02-12 16:45:25,335 - DataFetcher_jy - INFO -   - 累计收益率: 34.17%
2026-02-12 16:45:25,343 - DataFetcher_jy - ERROR - 保存指数 000922.SH 权重数据失败: `Import pytables` failed.  Use pip or conda to install the pytables package.
2026-02-12 16:45:25,357 - DataFetcher_jy - INFO - 指数 000922.SH 收益率数据已保存到 ./data/realtime_data\idx_000922_SH_return.csv (key: idx_000922_SH)
2026-02-12 16:45:25,358 - DataFetcher_jy - INFO - 
指数 000922.SH 行情统计信息:
2026-02-12 16:45:25,358 - DataFetcher_jy - INFO -   - 数据日期范围: 2020-12-28 00:00:00 至 2026-02-12 00:00:00
2026-02-12 16:45:25,359 - DataFetcher_jy - INFO -   - 总交易日数: 1245
2026-02-12 16:45:25,359 - DataFetcher_jy - INFO -   - 平均日收益率: 0.0230%
2026-02-12 16:45:25,360 - DataFetcher_jy - INFO -   - 累计收益率: 24.69%
2026-02-12 16:45:25,470 - DataFetcher_jy - ERROR - 保存指数 000985 权重数据失败: `Import pytables` failed.  Use pip or conda to install the pytables package.
2026-02-12 16:45:25,482 - DataFetcher_jy - INFO - 指数 000985 收益率数据已保存到 ./data/realtime_data\idx_000985_return.csv (key: idx_000985)
2026-02-12 16:45:25,483 - DataFetcher_jy - INFO - 
指数 000985 行情统计信息:
2026-02-12 16:45:25,484 - DataFetcher_jy - INFO -   - 数据日期范围: 2020-12-28 00:00:00 至 2026-02-12 00:00:00
2026-02-12 16:45:25,484 - DataFetcher_jy - INFO -   - 总交易日数: 1245
2026-02-12 16:45:25,485 - DataFetcher_jy - INFO -   - 平均日收益率: 0.0184%
2026-02-12 16:45:25,485 - DataFetcher_jy - INFO -   - 累计收益率: 14.84%
2026-02-12 16:45:25,486 - DataFetcher_jy - INFO - 尝试获取基金数据: 512510
2026-02-12 16:45:25,582 - DataFetcher_jy - INFO - 基金 512510 行情数据已保存到 ./data/realtime_data\fund_512510_return.csv
2026-02-12 16:45:25,582 - DataFetcher_jy - INFO - 尝试获取基金数据: 515180
2026-02-12 16:45:25,681 - DataFetcher_jy - INFO - 基金 515180 行情数据已保存到 ./data/realtime_data\fund_515180_return.csv
2026-02-12 16:45:25,966 - DataFetcher_jy - INFO - 已成功合并 5 个文件，保存至: ./data/realtime_data\merged_index_fund_returns.csv
2026-02-12 16:45:25,967 - DataFetcher_jy - INFO - 合并后数据形状: (1245, 65)
2026-02-12 16:45:26,008 - DataFetcher_jy - INFO - 数据库连接已成功关闭
2026-02-25 09:15:24,747 - DataFetcher_jy - INFO - 数据库连接成功
2026-02-25 09:15:24,748 - DataFetcher_jy - INFO - 开始获取指数 000905.SH, 000985, 000922.SH, 512510, 515180 的权重数据和指数收益率...
2026-02-25 09:15:25,204 - DataFetcher_jy - INFO - 执行权重数据查询: 
                SELECT 
                    w.IndexCode,
                    w.EndDate,
                    w.InnerCode,
                    w.Weight,
                    w.UpdateTime
                FROM 
                    juyuandb.LC_IndexComponentsWeight w
                WHERE 
                    w.IndexCode IN (%s,%s,%s)
             AND w.EndDate >= %s AND w.EndDate <= %s
2026-02-25 09:15:29,614 - DataFetcher_jy - INFO - 查询到 316233 条权重记录
2026-02-25 09:15:30,009 - DataFetcher_jy - INFO - 成功获取交易日历数据，共 1458 个交易日
2026-02-25 09:15:30,010 - DataFetcher_jy - INFO - 执行指数行情查询: 
                SELECT 
                    q.ID,
                    q.InnerCode,
                    q.TradingDay,
                    q.PrevClosePrice,
                    q.OpenPrice,
                    q.HighPrice,
                    q.LowPrice,
                    q.ClosePrice,
                    q.TurnoverVolume,
                    q.TurnoverValue,
                    q.TurnoverDeals,
                    q.ChangePCT,
                    q.NegotiableMV,
                    q.XGRQ,
                    q.JSID
                FROM 
                    juyuandb.QT_IndexQuote q
                WHERE 
                    q.InnerCode IN (%s,%s,%s)
             AND q.TradingDay >= %s AND q.TradingDay <= %s
2026-02-25 09:15:40,962 - DataFetcher_jy - INFO - 查询到 3741 条指数行情记录
2026-02-25 09:15:40,993 - DataFetcher_jy - ERROR - 保存指数 000905.SH 权重数据失败: `Import pytables` failed.  Use pip or conda to install the pytables package.
2026-02-25 09:15:41,010 - DataFetcher_jy - INFO - 指数 000905.SH 收益率数据已保存到 ./data/realtime_data\idx_000905_SH_return.csv (key: idx_000905_SH)
2026-02-25 09:15:41,010 - DataFetcher_jy - INFO - 
指数 000905.SH 行情统计信息:
2026-02-25 09:15:41,011 - DataFetcher_jy - INFO -   - 数据日期范围: 2020-12-28 00:00:00 至 2026-02-24 00:00:00
2026-02-25 09:15:41,011 - DataFetcher_jy - INFO -   - 总交易日数: 1247
2026-02-25 09:15:41,012 - DataFetcher_jy - INFO -   - 平均日收益率: 0.0318%
2026-02-25 09:15:41,013 - DataFetcher_jy - INFO -   - 累计收益率: 33.68%
2026-02-25 09:15:41,020 - DataFetcher_jy - ERROR - 保存指数 000922.SH 权重数据失败: `Import pytables` failed.  Use pip or conda to install the pytables package.
2026-02-25 09:15:41,035 - DataFetcher_jy - INFO - 指数 000922.SH 收益率数据已保存到 ./data/realtime_data\idx_000922_SH_return.csv (key: idx_000922_SH)
2026-02-25 09:15:41,036 - DataFetcher_jy - INFO - 
指数 000922.SH 行情统计信息:
2026-02-25 09:15:41,036 - DataFetcher_jy - INFO -   - 数据日期范围: 2020-12-28 00:00:00 至 2026-02-24 00:00:00
2026-02-25 09:15:41,037 - DataFetcher_jy - INFO -   - 总交易日数: 1247
2026-02-25 09:15:41,037 - DataFetcher_jy - INFO -   - 平均日收益率: 0.0230%
2026-02-25 09:15:41,038 - DataFetcher_jy - INFO -   - 累计收益率: 24.75%
2026-02-25 09:15:41,156 - DataFetcher_jy - ERROR - 保存指数 000985 权重数据失败: `Import pytables` failed.  Use pip or conda to install the pytables package.
2026-02-25 09:15:41,168 - DataFetcher_jy - INFO - 指数 000985 收益率数据已保存到 ./data/realtime_data\idx_000985_return.csv (key: idx_000985)
2026-02-25 09:15:41,168 - DataFetcher_jy - INFO - 
指数 000985 行情统计信息:
2026-02-25 09:15:41,169 - DataFetcher_jy - INFO -   - 数据日期范围: 2020-12-28 00:00:00 至 2026-02-24 00:00:00
2026-02-25 09:15:41,169 - DataFetcher_jy - INFO -   - 总交易日数: 1247
2026-02-25 09:15:41,170 - DataFetcher_jy - INFO -   - 平均日收益率: 0.0183%
2026-02-25 09:15:41,171 - DataFetcher_jy - INFO -   - 累计收益率: 14.76%
2026-02-25 09:15:41,171 - DataFetcher_jy - INFO - 尝试获取基金数据: 512510
2026-02-25 09:15:41,466 - DataFetcher_jy - INFO - 基金 512510 行情数据已保存到 ./data/realtime_data\fund_512510_return.csv
2026-02-25 09:15:41,466 - DataFetcher_jy - INFO - 尝试获取基金数据: 515180
2026-02-25 09:15:41,556 - DataFetcher_jy - INFO - 基金 515180 行情数据已保存到 ./data/realtime_data\fund_515180_return.csv
2026-02-25 09:15:41,851 - DataFetcher_jy - INFO - 已成功合并 5 个文件，保存至: ./data/realtime_data\merged_index_fund_returns.csv
2026-02-25 09:15:41,852 - DataFetcher_jy - INFO - 合并后数据形状: (1247, 65)
2026-02-25 09:15:41,898 - DataFetcher_jy - INFO - 数据库连接已成功关闭
2026-02-25 09:56:16,519 - DataFetcher_jy - INFO - 数据库连接成功
2026-02-25 09:56:16,519 - DataFetcher_jy - INFO - 开始获取指数 000905.SH, 000300.SH, 512510, 510300 的权重数据和指数收益率...
2026-02-25 09:56:16,721 - DataFetcher_jy - INFO - 执行权重数据查询: 
                SELECT 
                    w.IndexCode,
                    w.EndDate,
                    w.InnerCode,
                    w.Weight,
                    w.UpdateTime
                FROM 
                    juyuandb.LC_IndexComponentsWeight w
                WHERE 
                    w.IndexCode IN (%s,%s)
             AND w.EndDate >= %s AND w.EndDate <= %s
2026-02-25 09:56:17,569 - DataFetcher_jy - INFO - 查询到 49600 条权重记录
2026-02-25 09:56:17,798 - DataFetcher_jy - INFO - 成功获取交易日历数据，共 1458 个交易日
2026-02-25 09:56:17,799 - DataFetcher_jy - INFO - 执行指数行情查询: 
                SELECT 
                    q.ID,
                    q.InnerCode,
                    q.TradingDay,
                    q.PrevClosePrice,
                    q.OpenPrice,
                    q.HighPrice,
                    q.LowPrice,
                    q.ClosePrice,
                    q.TurnoverVolume,
                    q.TurnoverValue,
                    q.TurnoverDeals,
                    q.ChangePCT,
                    q.NegotiableMV,
                    q.XGRQ,
                    q.JSID
                FROM 
                    juyuandb.QT_IndexQuote q
                WHERE 
                    q.InnerCode IN (%s,%s)
             AND q.TradingDay >= %s AND q.TradingDay <= %s
2026-02-25 09:56:25,825 - DataFetcher_jy - INFO - 查询到 2494 条指数行情记录
2026-02-25 09:56:25,857 - DataFetcher_jy - ERROR - 保存指数 000300.SH 权重数据失败: `Import pytables` failed.  Use pip or conda to install the pytables package.
2026-02-25 09:56:25,873 - DataFetcher_jy - INFO - 指数 000300.SH 收益率数据已保存到 ./data/caprot_data\idx_000300_SH_return.csv (key: idx_000300_SH)
2026-02-25 09:56:25,873 - DataFetcher_jy - INFO - 
指数 000300.SH 行情统计信息:
2026-02-25 09:56:25,874 - DataFetcher_jy - INFO -   - 数据日期范围: 2020-12-28 00:00:00 至 2026-02-24 00:00:00
2026-02-25 09:56:25,874 - DataFetcher_jy - INFO -   - 总交易日数: 1247
2026-02-25 09:56:25,875 - DataFetcher_jy - INFO -   - 平均日收益率: 0.0009%
2026-02-25 09:56:25,875 - DataFetcher_jy - INFO -   - 累计收益率: -6.63%
2026-02-25 09:56:25,893 - DataFetcher_jy - ERROR - 保存指数 000905.SH 权重数据失败: `Import pytables` failed.  Use pip or conda to install the pytables package.
2026-02-25 09:56:25,910 - DataFetcher_jy - INFO - 指数 000905.SH 收益率数据已保存到 ./data/caprot_data\idx_000905_SH_return.csv (key: idx_000905_SH)
2026-02-25 09:56:25,910 - DataFetcher_jy - INFO - 
指数 000905.SH 行情统计信息:
2026-02-25 09:56:25,915 - DataFetcher_jy - INFO -   - 数据日期范围: 2020-12-28 00:00:00 至 2026-02-24 00:00:00
2026-02-25 09:56:25,916 - DataFetcher_jy - INFO -   - 总交易日数: 1247
2026-02-25 09:56:25,916 - DataFetcher_jy - INFO -   - 平均日收益率: 0.0318%
2026-02-25 09:56:25,917 - DataFetcher_jy - INFO -   - 累计收益率: 33.68%
2026-02-25 09:56:25,917 - DataFetcher_jy - INFO - 尝试获取基金数据: 512510
2026-02-25 09:56:25,995 - DataFetcher_jy - INFO - 基金 512510 行情数据已保存到 ./data/caprot_data\fund_512510_return.csv
2026-02-25 09:56:25,995 - DataFetcher_jy - INFO - 尝试获取基金数据: 510300
2026-02-25 09:56:26,076 - DataFetcher_jy - INFO - 基金 510300 行情数据已保存到 ./data/caprot_data\fund_510300_return.csv
2026-02-25 09:56:26,238 - DataFetcher_jy - INFO - 已成功合并 4 个文件，保存至: ./data/caprot_data\merged_data_caprot.csv
2026-02-25 09:56:26,238 - DataFetcher_jy - INFO - 合并后数据形状: (1247, 54)
2026-02-25 09:56:26,273 - DataFetcher_jy - INFO - 数据库连接已成功关闭
2026-02-25 17:50:36,744 - DataFetcher_jy - INFO - 数据库连接成功
2026-02-25 17:50:36,744 - DataFetcher_jy - INFO - 开始获取指数 000905.SH, 000985, 000922.SH, 512510, 515180 的权重数据和指数收益率...
2026-02-25 17:50:37,085 - DataFetcher_jy - INFO - 执行权重数据查询: 
                SELECT 
                    w.IndexCode,
                    w.EndDate,
                    w.InnerCode,
                    w.Weight,
                    w.UpdateTime
                FROM 
                    juyuandb.LC_IndexComponentsWeight w
                WHERE 
                    w.IndexCode IN (%s,%s,%s)
             AND w.EndDate >= %s AND w.EndDate <= %s
2026-02-25 17:50:41,446 - DataFetcher_jy - INFO - 查询到 316233 条权重记录
2026-02-25 17:50:41,878 - DataFetcher_jy - INFO - 成功获取交易日历数据，共 1458 个交易日
2026-02-25 17:50:41,880 - DataFetcher_jy - INFO - 执行指数行情查询: 
                SELECT 
                    q.ID,
                    q.InnerCode,
                    q.TradingDay,
                    q.PrevClosePrice,
                    q.OpenPrice,
                    q.HighPrice,
                    q.LowPrice,
                    q.ClosePrice,
                    q.TurnoverVolume,
                    q.TurnoverValue,
                    q.TurnoverDeals,
                    q.ChangePCT,
                    q.NegotiableMV,
                    q.XGRQ,
                    q.JSID
                FROM 
                    juyuandb.QT_IndexQuote q
                WHERE 
                    q.InnerCode IN (%s,%s,%s)
             AND q.TradingDay >= %s AND q.TradingDay <= %s
2026-02-25 17:50:51,684 - DataFetcher_jy - INFO - 查询到 3744 条指数行情记录
2026-02-25 17:50:51,732 - DataFetcher_jy - ERROR - 保存指数 000905.SH 权重数据失败: `Import pytables` failed.  Use pip or conda to install the pytables package.
2026-02-25 17:50:51,747 - DataFetcher_jy - INFO - 指数 000905.SH 收益率数据已保存到 ./data/realtime_data\idx_000905_SH_return.csv (key: idx_000905_SH)
2026-02-25 17:50:51,747 - DataFetcher_jy - INFO - 
指数 000905.SH 行情统计信息:
2026-02-25 17:50:51,748 - DataFetcher_jy - INFO -   - 数据日期范围: 2020-12-28 00:00:00 至 2026-02-25 00:00:00
2026-02-25 17:50:51,748 - DataFetcher_jy - INFO -   - 总交易日数: 1248
2026-02-25 17:50:51,748 - DataFetcher_jy - INFO -   - 平均日收益率: 0.0331%
2026-02-25 17:50:51,749 - DataFetcher_jy - INFO -   - 累计收益率: 35.82%
2026-02-25 17:50:51,756 - DataFetcher_jy - ERROR - 保存指数 000922.SH 权重数据失败: `Import pytables` failed.  Use pip or conda to install the pytables package.
2026-02-25 17:50:51,769 - DataFetcher_jy - INFO - 指数 000922.SH 收益率数据已保存到 ./data/realtime_data\idx_000922_SH_return.csv (key: idx_000922_SH)
2026-02-25 17:50:51,769 - DataFetcher_jy - INFO - 
指数 000922.SH 行情统计信息:
2026-02-25 17:50:51,770 - DataFetcher_jy - INFO -   - 数据日期范围: 2020-12-28 00:00:00 至 2026-02-25 00:00:00
2026-02-25 17:50:51,770 - DataFetcher_jy - INFO -   - 总交易日数: 1248
2026-02-25 17:50:51,770 - DataFetcher_jy - INFO -   - 平均日收益率: 0.0234%
2026-02-25 17:50:51,771 - DataFetcher_jy - INFO -   - 累计收益率: 25.42%
2026-02-25 17:50:51,878 - DataFetcher_jy - ERROR - 保存指数 000985 权重数据失败: `Import pytables` failed.  Use pip or conda to install the pytables package.
2026-02-25 17:50:51,891 - DataFetcher_jy - INFO - 指数 000985 收益率数据已保存到 ./data/realtime_data\idx_000985_return.csv (key: idx_000985)
2026-02-25 17:50:51,892 - DataFetcher_jy - INFO - 
指数 000985 行情统计信息:
2026-02-25 17:50:51,892 - DataFetcher_jy - INFO -   - 数据日期范围: 2020-12-28 00:00:00 至 2026-02-25 00:00:00
2026-02-25 17:50:51,893 - DataFetcher_jy - INFO -   - 总交易日数: 1248
2026-02-25 17:50:51,893 - DataFetcher_jy - INFO -   - 平均日收益率: 0.0192%
2026-02-25 17:50:51,894 - DataFetcher_jy - INFO -   - 累计收益率: 15.95%
2026-02-25 17:50:51,894 - DataFetcher_jy - INFO - 尝试获取基金数据: 512510
2026-02-25 17:50:52,017 - DataFetcher_jy - INFO - 基金 512510 行情数据已保存到 ./data/realtime_data\fund_512510_return.csv
2026-02-25 17:50:52,018 - DataFetcher_jy - INFO - 尝试获取基金数据: 515180
2026-02-25 17:50:52,103 - DataFetcher_jy - INFO - 基金 515180 行情数据已保存到 ./data/realtime_data\fund_515180_return.csv
2026-02-25 17:50:52,387 - DataFetcher_jy - INFO - 已成功合并 5 个文件，保存至: ./data/realtime_data\merged_index_fund_returns.csv
2026-02-25 17:50:52,387 - DataFetcher_jy - INFO - 合并后数据形状: (1248, 65)
2026-02-25 17:50:52,431 - DataFetcher_jy - INFO - 数据库连接已成功关闭
2026-02-26 17:36:06,647 - DataFetcher_jy - INFO - 数据库连接成功
2026-02-26 17:36:06,647 - DataFetcher_jy - INFO - 开始获取指数 000905.SH, 000985, 000922.SH, 512510, 515180 的权重数据和指数收益率...
2026-02-26 17:36:06,918 - DataFetcher_jy - INFO - 执行权重数据查询: 
                SELECT 
                    w.IndexCode,
                    w.EndDate,
                    w.InnerCode,
                    w.Weight,
                    w.UpdateTime
                FROM 
                    juyuandb.LC_IndexComponentsWeight w
                WHERE 
                    w.IndexCode IN (%s,%s,%s)
             AND w.EndDate >= %s AND w.EndDate <= %s
2026-02-26 17:36:11,336 - DataFetcher_jy - INFO - 查询到 316233 条权重记录
2026-02-26 17:36:11,728 - DataFetcher_jy - INFO - 成功获取交易日历数据，共 1458 个交易日
2026-02-26 17:36:11,729 - DataFetcher_jy - INFO - 执行指数行情查询: 
                SELECT 
                    q.ID,
                    q.InnerCode,
                    q.TradingDay,
                    q.PrevClosePrice,
                    q.OpenPrice,
                    q.HighPrice,
                    q.LowPrice,
                    q.ClosePrice,
                    q.TurnoverVolume,
                    q.TurnoverValue,
                    q.TurnoverDeals,
                    q.ChangePCT,
                    q.NegotiableMV,
                    q.XGRQ,
                    q.JSID
                FROM 
                    juyuandb.QT_IndexQuote q
                WHERE 
                    q.InnerCode IN (%s,%s,%s)
             AND q.TradingDay >= %s AND q.TradingDay <= %s
2026-02-26 17:36:21,745 - DataFetcher_jy - INFO - 查询到 3747 条指数行情记录
2026-02-26 17:36:21,773 - DataFetcher_jy - ERROR - 保存指数 000905.SH 权重数据失败: `Import pytables` failed.  Use pip or conda to install the pytables package.
2026-02-26 17:36:21,788 - DataFetcher_jy - INFO - 指数 000905.SH 收益率数据已保存到 ./data/realtime_data\idx_000905_SH_return.csv (key: idx_000905_SH)
2026-02-26 17:36:21,789 - DataFetcher_jy - INFO - 
指数 000905.SH 行情统计信息:
2026-02-26 17:36:21,789 - DataFetcher_jy - INFO -   - 数据日期范围: 2020-12-28 00:00:00 至 2026-02-26 00:00:00
2026-02-26 17:36:21,790 - DataFetcher_jy - INFO -   - 总交易日数: 1249
2026-02-26 17:36:21,790 - DataFetcher_jy - INFO -   - 平均日收益率: 0.0333%
2026-02-26 17:36:21,791 - DataFetcher_jy - INFO -   - 累计收益率: 36.29%
2026-02-26 17:36:21,801 - DataFetcher_jy - ERROR - 保存指数 000922.SH 权重数据失败: `Import pytables` failed.  Use pip or conda to install the pytables package.
2026-02-26 17:36:21,818 - DataFetcher_jy - INFO - 指数 000922.SH 收益率数据已保存到 ./data/realtime_data\idx_000922_SH_return.csv (key: idx_000922_SH)
2026-02-26 17:36:21,818 - DataFetcher_jy - INFO - 
指数 000922.SH 行情统计信息:
2026-02-26 17:36:21,819 - DataFetcher_jy - INFO -   - 数据日期范围: 2020-12-28 00:00:00 至 2026-02-26 00:00:00
2026-02-26 17:36:21,819 - DataFetcher_jy - INFO -   - 总交易日数: 1249
2026-02-26 17:36:21,819 - DataFetcher_jy - INFO -   - 平均日收益率: 0.0232%
2026-02-26 17:36:21,820 - DataFetcher_jy - INFO -   - 累计收益率: 25.06%
2026-02-26 17:36:21,929 - DataFetcher_jy - ERROR - 保存指数 000985 权重数据失败: `Import pytables` failed.  Use pip or conda to install the pytables package.
2026-02-26 17:36:21,942 - DataFetcher_jy - INFO - 指数 000985 收益率数据已保存到 ./data/realtime_data\idx_000985_return.csv (key: idx_000985)
2026-02-26 17:36:21,943 - DataFetcher_jy - INFO - 
指数 000985 行情统计信息:
2026-02-26 17:36:21,943 - DataFetcher_jy - INFO -   - 数据日期范围: 2020-12-28 00:00:00 至 2026-02-26 00:00:00
2026-02-26 17:36:21,944 - DataFetcher_jy - INFO -   - 总交易日数: 1249
2026-02-26 17:36:21,944 - DataFetcher_jy - INFO -   - 平均日收益率: 0.0193%
2026-02-26 17:36:21,945 - DataFetcher_jy - INFO -   - 累计收益率: 16.19%
2026-02-26 17:36:21,945 - DataFetcher_jy - INFO - 尝试获取基金数据: 512510
2026-02-26 17:36:22,101 - DataFetcher_jy - INFO - 基金 512510 行情数据已保存到 ./data/realtime_data\fund_512510_return.csv
2026-02-26 17:36:22,101 - DataFetcher_jy - INFO - 尝试获取基金数据: 515180
2026-02-26 17:36:22,186 - DataFetcher_jy - INFO - 基金 515180 行情数据已保存到 ./data/realtime_data\fund_515180_return.csv
2026-02-26 17:36:22,468 - DataFetcher_jy - INFO - 已成功合并 5 个文件，保存至: ./data/realtime_data\merged_index_fund_returns.csv
2026-02-26 17:36:22,469 - DataFetcher_jy - INFO - 合并后数据形状: (1249, 65)
2026-02-26 17:36:22,514 - DataFetcher_jy - INFO - 数据库连接已成功关闭
2026-02-27 17:34:33,347 - DataFetcher_jy - INFO - 数据库连接成功
2026-02-27 17:34:33,348 - DataFetcher_jy - INFO - 开始获取指数 000905.SH, 000985, 000922.SH, 512510, 515180 的权重数据和指数收益率...
2026-02-27 17:34:33,604 - DataFetcher_jy - INFO - 执行权重数据查询: 
                SELECT 
                    w.IndexCode,
                    w.EndDate,
                    w.InnerCode,
                    w.Weight,
                    w.UpdateTime
                FROM 
                    juyuandb.LC_IndexComponentsWeight w
                WHERE 
                    w.IndexCode IN (%s,%s,%s)
             AND w.EndDate >= %s AND w.EndDate <= %s
2026-02-27 17:34:38,127 - DataFetcher_jy - INFO - 查询到 316233 条权重记录
2026-02-27 17:34:38,532 - DataFetcher_jy - INFO - 成功获取交易日历数据，共 1458 个交易日
2026-02-27 17:34:38,534 - DataFetcher_jy - INFO - 执行指数行情查询: 
                SELECT 
                    q.ID,
                    q.InnerCode,
                    q.TradingDay,
                    q.PrevClosePrice,
                    q.OpenPrice,
                    q.HighPrice,
                    q.LowPrice,
                    q.ClosePrice,
                    q.TurnoverVolume,
                    q.TurnoverValue,
                    q.TurnoverDeals,
                    q.ChangePCT,
                    q.NegotiableMV,
                    q.XGRQ,
                    q.JSID
                FROM 
                    juyuandb.QT_IndexQuote q
                WHERE 
                    q.InnerCode IN (%s,%s,%s)
             AND q.TradingDay >= %s AND q.TradingDay <= %s
2026-02-27 17:34:48,772 - DataFetcher_jy - INFO - 查询到 3750 条指数行情记录
2026-02-27 17:34:48,798 - DataFetcher_jy - ERROR - 保存指数 000905.SH 权重数据失败: `Import pytables` failed.  Use pip or conda to install the pytables package.
2026-02-27 17:34:48,813 - DataFetcher_jy - INFO - 指数 000905.SH 收益率数据已保存到 ./data/realtime_data\idx_000905_SH_return.csv (key: idx_000905_SH)
2026-02-27 17:34:48,814 - DataFetcher_jy - INFO - 
指数 000905.SH 行情统计信息:
2026-02-27 17:34:48,814 - DataFetcher_jy - INFO -   - 数据日期范围: 2020-12-28 00:00:00 至 2026-02-27 00:00:00
2026-02-27 17:34:48,815 - DataFetcher_jy - INFO -   - 总交易日数: 1250
2026-02-27 17:34:48,815 - DataFetcher_jy - INFO -   - 平均日收益率: 0.0343%
2026-02-27 17:34:48,816 - DataFetcher_jy - INFO -   - 累计收益率: 37.91%
2026-02-27 17:34:48,827 - DataFetcher_jy - ERROR - 保存指数 000922.SH 权重数据失败: `Import pytables` failed.  Use pip or conda to install the pytables package.
2026-02-27 17:34:48,841 - DataFetcher_jy - INFO - 指数 000922.SH 收益率数据已保存到 ./data/realtime_data\idx_000922_SH_return.csv (key: idx_000922_SH)
2026-02-27 17:34:48,841 - DataFetcher_jy - INFO - 
指数 000922.SH 行情统计信息:
2026-02-27 17:34:48,842 - DataFetcher_jy - INFO -   - 数据日期范围: 2020-12-28 00:00:00 至 2026-02-27 00:00:00
2026-02-27 17:34:48,842 - DataFetcher_jy - INFO -   - 总交易日数: 1250
2026-02-27 17:34:48,843 - DataFetcher_jy - INFO -   - 平均日收益率: 0.0240%
2026-02-27 17:34:48,843 - DataFetcher_jy - INFO -   - 累计收益率: 26.31%
2026-02-27 17:34:48,962 - DataFetcher_jy - ERROR - 保存指数 000985 权重数据失败: `Import pytables` failed.  Use pip or conda to install the pytables package.
2026-02-27 17:34:48,988 - DataFetcher_jy - INFO - 指数 000985 收益率数据已保存到 ./data/realtime_data\idx_000985_return.csv (key: idx_000985)
2026-02-27 17:34:48,989 - DataFetcher_jy - INFO - 
指数 000985 行情统计信息:
2026-02-27 17:34:48,989 - DataFetcher_jy - INFO -   - 数据日期范围: 2020-12-28 00:00:00 至 2026-02-27 00:00:00
2026-02-27 17:34:48,989 - DataFetcher_jy - INFO -   - 总交易日数: 1250
2026-02-27 17:34:48,990 - DataFetcher_jy - INFO -   - 平均日收益率: 0.0196%
2026-02-27 17:34:48,990 - DataFetcher_jy - INFO -   - 累计收益率: 16.64%
2026-02-27 17:34:48,991 - DataFetcher_jy - INFO - 尝试获取基金数据: 512510
2026-02-27 17:34:49,150 - DataFetcher_jy - INFO - 基金 512510 行情数据已保存到 ./data/realtime_data\fund_512510_return.csv
2026-02-27 17:34:49,150 - DataFetcher_jy - INFO - 尝试获取基金数据: 515180
2026-02-27 17:34:49,241 - DataFetcher_jy - INFO - 基金 515180 行情数据已保存到 ./data/realtime_data\fund_515180_return.csv
2026-02-27 17:34:49,464 - DataFetcher_jy - INFO - 已成功合并 5 个文件，保存至: ./data/realtime_data\merged_index_fund_returns.csv
2026-02-27 17:34:49,465 - DataFetcher_jy - INFO - 合并后数据形状: (1250, 65)
2026-02-27 17:34:49,509 - DataFetcher_jy - INFO - 数据库连接已成功关闭
2026-03-02 17:08:03,136 - DataFetcher_jy - INFO - 数据库连接成功
2026-03-02 17:08:03,136 - DataFetcher_jy - INFO - 开始获取指数 000905.SH, 000985, 000922.SH, 512510, 515180 的权重数据和指数收益率...
2026-03-02 17:08:03,558 - DataFetcher_jy - INFO - 执行权重数据查询: 
                SELECT 
                    w.IndexCode,
                    w.EndDate,
                    w.InnerCode,
                    w.Weight,
                    w.UpdateTime
                FROM 
                    juyuandb.LC_IndexComponentsWeight w
                WHERE 
                    w.IndexCode IN (%s,%s,%s)
             AND w.EndDate >= %s AND w.EndDate <= %s
2026-03-02 17:08:08,249 - DataFetcher_jy - INFO - 查询到 321997 条权重记录
2026-03-02 17:08:08,647 - DataFetcher_jy - INFO - 成功获取交易日历数据，共 1458 个交易日
2026-03-02 17:08:08,648 - DataFetcher_jy - INFO - 执行指数行情查询: 
                SELECT 
                    q.ID,
                    q.InnerCode,
                    q.TradingDay,
                    q.PrevClosePrice,
                    q.OpenPrice,
                    q.HighPrice,
                    q.LowPrice,
                    q.ClosePrice,
                    q.TurnoverVolume,
                    q.TurnoverValue,
                    q.TurnoverDeals,
                    q.ChangePCT,
                    q.NegotiableMV,
                    q.XGRQ,
                    q.JSID
                FROM 
                    juyuandb.QT_IndexQuote q
                WHERE 
                    q.InnerCode IN (%s,%s,%s)
             AND q.TradingDay >= %s AND q.TradingDay <= %s
2026-03-02 17:08:18,558 - DataFetcher_jy - INFO - 查询到 3753 条指数行情记录
2026-03-02 17:08:18,588 - DataFetcher_jy - ERROR - 保存指数 000905.SH 权重数据失败: `Import pytables` failed.  Use pip or conda to install the pytables package.
2026-03-02 17:08:18,609 - DataFetcher_jy - INFO - 指数 000905.SH 收益率数据已保存到 ./data/realtime_data\idx_000905_SH_return.csv (key: idx_000905_SH)
2026-03-02 17:08:18,609 - DataFetcher_jy - INFO - 
指数 000905.SH 行情统计信息:
2026-03-02 17:08:18,610 - DataFetcher_jy - INFO -   - 数据日期范围: 2020-12-28 00:00:00 至 2026-03-02 00:00:00
2026-03-02 17:08:18,611 - DataFetcher_jy - INFO -   - 总交易日数: 1251
2026-03-02 17:08:18,612 - DataFetcher_jy - INFO -   - 平均日收益率: 0.0342%
2026-03-02 17:08:18,613 - DataFetcher_jy - INFO -   - 累计收益率: 37.90%
2026-03-02 17:08:18,622 - DataFetcher_jy - ERROR - 保存指数 000922.SH 权重数据失败: `Import pytables` failed.  Use pip or conda to install the pytables package.
2026-03-02 17:08:18,636 - DataFetcher_jy - INFO - 指数 000922.SH 收益率数据已保存到 ./data/realtime_data\idx_000922_SH_return.csv (key: idx_000922_SH)
2026-03-02 17:08:18,636 - DataFetcher_jy - INFO - 
指数 000922.SH 行情统计信息:
2026-03-02 17:08:18,637 - DataFetcher_jy - INFO -   - 数据日期范围: 2020-12-28 00:00:00 至 2026-03-02 00:00:00
2026-03-02 17:08:18,637 - DataFetcher_jy - INFO -   - 总交易日数: 1251
2026-03-02 17:08:18,637 - DataFetcher_jy - INFO -   - 平均日收益率: 0.0250%
2026-03-02 17:08:18,638 - DataFetcher_jy - INFO -   - 累计收益率: 28.02%
2026-03-02 17:08:18,752 - DataFetcher_jy - ERROR - 保存指数 000985 权重数据失败: `Import pytables` failed.  Use pip or conda to install the pytables package.
2026-03-02 17:08:18,765 - DataFetcher_jy - INFO - 指数 000985 收益率数据已保存到 ./data/realtime_data\idx_000985_return.csv (key: idx_000985)
2026-03-02 17:08:18,766 - DataFetcher_jy - INFO - 
指数 000985 行情统计信息:
2026-03-02 17:08:18,766 - DataFetcher_jy - INFO -   - 数据日期范围: 2020-12-28 00:00:00 至 2026-03-02 00:00:00
2026-03-02 17:08:18,766 - DataFetcher_jy - INFO -   - 总交易日数: 1251
2026-03-02 17:08:18,767 - DataFetcher_jy - INFO -   - 平均日收益率: 0.0193%
2026-03-02 17:08:18,768 - DataFetcher_jy - INFO -   - 累计收益率: 16.22%
2026-03-02 17:08:18,768 - DataFetcher_jy - INFO - 尝试获取基金数据: 512510
2026-03-02 17:08:18,930 - DataFetcher_jy - INFO - 基金 512510 行情数据已保存到 ./data/realtime_data\fund_512510_return.csv
2026-03-02 17:08:18,930 - DataFetcher_jy - INFO - 尝试获取基金数据: 515180
2026-03-02 17:08:19,011 - DataFetcher_jy - INFO - 基金 515180 行情数据已保存到 ./data/realtime_data\fund_515180_return.csv
2026-03-02 17:08:19,316 - DataFetcher_jy - INFO - 已成功合并 5 个文件，保存至: ./data/realtime_data\merged_index_fund_returns.csv
2026-03-02 17:08:19,316 - DataFetcher_jy - INFO - 合并后数据形状: (1251, 65)
2026-03-02 17:08:19,364 - DataFetcher_jy - INFO - 数据库连接已成功关闭
2026-03-03 17:16:32,181 - DataFetcher_jy - INFO - 数据库连接成功
2026-03-03 17:16:32,181 - DataFetcher_jy - INFO - 开始获取指数 000905.SH, 000985, 000922.SH, 512510, 515180 的权重数据和指数收益率...
2026-03-03 17:16:35,270 - DataFetcher_jy - INFO - 执行权重数据查询: 
                SELECT 
                    w.IndexCode,
                    w.EndDate,
                    w.InnerCode,
                    w.Weight,
                    w.UpdateTime
                FROM 
                    juyuandb.LC_IndexComponentsWeight w
                WHERE 
                    w.IndexCode IN (%s,%s,%s)
             AND w.EndDate >= %s AND w.EndDate <= %s
2026-03-03 17:16:39,681 - DataFetcher_jy - INFO - 查询到 321997 条权重记录
2026-03-03 17:16:40,070 - DataFetcher_jy - INFO - 成功获取交易日历数据，共 1458 个交易日
2026-03-03 17:16:40,072 - DataFetcher_jy - INFO - 执行指数行情查询: 
                SELECT 
                    q.ID,
                    q.InnerCode,
                    q.TradingDay,
                    q.PrevClosePrice,
                    q.OpenPrice,
                    q.HighPrice,
                    q.LowPrice,
                    q.ClosePrice,
                    q.TurnoverVolume,
                    q.TurnoverValue,
                    q.TurnoverDeals,
                    q.ChangePCT,
                    q.NegotiableMV,
                    q.XGRQ,
                    q.JSID
                FROM 
                    juyuandb.QT_IndexQuote q
                WHERE 
                    q.InnerCode IN (%s,%s,%s)
             AND q.TradingDay >= %s AND q.TradingDay <= %s
2026-03-03 17:16:50,651 - DataFetcher_jy - INFO - 查询到 3756 条指数行情记录
2026-03-03 17:16:50,678 - DataFetcher_jy - ERROR - 保存指数 000905.SH 权重数据失败: `Import pytables` failed.  Use pip or conda to install the pytables package.
2026-03-03 17:16:50,693 - DataFetcher_jy - INFO - 指数 000905.SH 收益率数据已保存到 ./data/realtime_data\idx_000905_SH_return.csv (key: idx_000905_SH)
2026-03-03 17:16:50,693 - DataFetcher_jy - INFO - 
指数 000905.SH 行情统计信息:
2026-03-03 17:16:50,695 - DataFetcher_jy - INFO -   - 数据日期范围: 2020-12-28 00:00:00 至 2026-03-03 00:00:00
2026-03-03 17:16:50,696 - DataFetcher_jy - INFO -   - 总交易日数: 1252
2026-03-03 17:16:50,697 - DataFetcher_jy - INFO -   - 平均日收益率: 0.0307%
2026-03-03 17:16:50,697 - DataFetcher_jy - INFO -   - 累计收益率: 31.90%
2026-03-03 17:16:50,707 - DataFetcher_jy - ERROR - 保存指数 000922.SH 权重数据失败: `Import pytables` failed.  Use pip or conda to install the pytables package.
2026-03-03 17:16:50,724 - DataFetcher_jy - INFO - 指数 000922.SH 收益率数据已保存到 ./data/realtime_data\idx_000922_SH_return.csv (key: idx_000922_SH)
2026-03-03 17:16:50,724 - DataFetcher_jy - INFO - 
指数 000922.SH 行情统计信息:
2026-03-03 17:16:50,725 - DataFetcher_jy - INFO -   - 数据日期范围: 2020-12-28 00:00:00 至 2026-03-03 00:00:00
2026-03-03 17:16:50,725 - DataFetcher_jy - INFO -   - 总交易日数: 1252
2026-03-03 17:16:50,726 - DataFetcher_jy - INFO -   - 平均日收益率: 0.0256%
2026-03-03 17:16:50,727 - DataFetcher_jy - INFO -   - 累计收益率: 29.03%
2026-03-03 17:16:50,846 - DataFetcher_jy - ERROR - 保存指数 000985 权重数据失败: `Import pytables` failed.  Use pip or conda to install the pytables package.
2026-03-03 17:16:50,859 - DataFetcher_jy - INFO - 指数 000985 收益率数据已保存到 ./data/realtime_data\idx_000985_return.csv (key: idx_000985)
2026-03-03 17:16:50,859 - DataFetcher_jy - INFO - 
指数 000985 行情统计信息:
2026-03-03 17:16:50,860 - DataFetcher_jy - INFO -   - 数据日期范围: 2020-12-28 00:00:00 至 2026-03-03 00:00:00
2026-03-03 17:16:50,860 - DataFetcher_jy - INFO -   - 总交易日数: 1252
2026-03-03 17:16:50,861 - DataFetcher_jy - INFO -   - 平均日收益率: 0.0169%
2026-03-03 17:16:50,861 - DataFetcher_jy - INFO -   - 累计收益率: 12.80%
2026-03-03 17:16:50,862 - DataFetcher_jy - INFO - 尝试获取基金数据: 512510
2026-03-03 17:16:52,154 - DataFetcher_jy - INFO - 基金 512510 行情数据已保存到 ./data/realtime_data\fund_512510_return.csv
2026-03-03 17:16:52,154 - DataFetcher_jy - INFO - 尝试获取基金数据: 515180
2026-03-03 17:16:52,249 - DataFetcher_jy - INFO - 基金 515180 行情数据已保存到 ./data/realtime_data\fund_515180_return.csv
2026-03-03 17:16:52,546 - DataFetcher_jy - INFO - 已成功合并 5 个文件，保存至: ./data/realtime_data\merged_index_fund_returns.csv
2026-03-03 17:16:52,547 - DataFetcher_jy - INFO - 合并后数据形状: (1252, 65)
2026-03-03 17:16:52,588 - DataFetcher_jy - INFO - 数据库连接已成功关闭
2026-03-04 17:24:31,664 - DataFetcher_jy - INFO - 数据库连接成功
2026-03-04 17:24:31,664 - DataFetcher_jy - INFO - 开始获取指数 000905.SH, 000985, 000922.SH, 512510, 515180 的权重数据和指数收益率...
2026-03-04 17:24:32,113 - DataFetcher_jy - INFO - 执行权重数据查询: 
                SELECT 
                    w.IndexCode,
                    w.EndDate,
                    w.InnerCode,
                    w.Weight,
                    w.UpdateTime
                FROM 
                    juyuandb.LC_IndexComponentsWeight w
                WHERE 
                    w.IndexCode IN (%s,%s,%s)
             AND w.EndDate >= %s AND w.EndDate <= %s
2026-03-04 17:24:36,794 - DataFetcher_jy - INFO - 查询到 321997 条权重记录
2026-03-04 17:24:37,198 - DataFetcher_jy - INFO - 成功获取交易日历数据，共 1458 个交易日
2026-03-04 17:24:37,199 - DataFetcher_jy - INFO - 执行指数行情查询: 
                SELECT 
                    q.ID,
                    q.InnerCode,
                    q.TradingDay,
                    q.PrevClosePrice,
                    q.OpenPrice,
                    q.HighPrice,
                    q.LowPrice,
                    q.ClosePrice,
                    q.TurnoverVolume,
                    q.TurnoverValue,
                    q.TurnoverDeals,
                    q.ChangePCT,
                    q.NegotiableMV,
                    q.XGRQ,
                    q.JSID
                FROM 
                    juyuandb.QT_IndexQuote q
                WHERE 
                    q.InnerCode IN (%s,%s,%s)
             AND q.TradingDay >= %s AND q.TradingDay <= %s
2026-03-04 17:24:47,707 - DataFetcher_jy - INFO - 查询到 3759 条指数行情记录
2026-03-04 17:24:47,733 - DataFetcher_jy - ERROR - 保存指数 000905.SH 权重数据失败: `Import pytables` failed.  Use pip or conda to install the pytables package.
2026-03-04 17:24:47,747 - DataFetcher_jy - INFO - 指数 000905.SH 收益率数据已保存到 ./data/realtime_data\idx_000905_SH_return.csv (key: idx_000905_SH)
2026-03-04 17:24:47,748 - DataFetcher_jy - INFO - 
指数 000905.SH 行情统计信息:
2026-03-04 17:24:47,748 - DataFetcher_jy - INFO -   - 数据日期范围: 2020-12-28 00:00:00 至 2026-03-04 00:00:00
2026-03-04 17:24:47,749 - DataFetcher_jy - INFO -   - 总交易日数: 1253
2026-03-04 17:24:47,749 - DataFetcher_jy - INFO -   - 平均日收益率: 0.0304%
2026-03-04 17:24:47,750 - DataFetcher_jy - INFO -   - 累计收益率: 31.38%
2026-03-04 17:24:47,759 - DataFetcher_jy - ERROR - 保存指数 000922.SH 权重数据失败: `Import pytables` failed.  Use pip or conda to install the pytables package.
2026-03-04 17:24:47,774 - DataFetcher_jy - INFO - 指数 000922.SH 收益率数据已保存到 ./data/realtime_data\idx_000922_SH_return.csv (key: idx_000922_SH)
2026-03-04 17:24:47,775 - DataFetcher_jy - INFO - 
指数 000922.SH 行情统计信息:
2026-03-04 17:24:47,776 - DataFetcher_jy - INFO -   - 数据日期范围: 2020-12-28 00:00:00 至 2026-03-04 00:00:00
2026-03-04 17:24:47,776 - DataFetcher_jy - INFO -   - 总交易日数: 1253
2026-03-04 17:24:47,777 - DataFetcher_jy - INFO -   - 平均日收益率: 0.0243%
2026-03-04 17:24:47,778 - DataFetcher_jy - INFO -   - 累计收益率: 26.95%
2026-03-04 17:24:47,890 - DataFetcher_jy - ERROR - 保存指数 000985 权重数据失败: `Import pytables` failed.  Use pip or conda to install the pytables package.
2026-03-04 17:24:47,904 - DataFetcher_jy - INFO - 指数 000985 收益率数据已保存到 ./data/realtime_data\idx_000985_return.csv (key: idx_000985)
2026-03-04 17:24:47,904 - DataFetcher_jy - INFO - 
指数 000985 行情统计信息:
2026-03-04 17:24:47,904 - DataFetcher_jy - INFO -   - 数据日期范围: 2020-12-28 00:00:00 至 2026-03-04 00:00:00
2026-03-04 17:24:47,905 - DataFetcher_jy - INFO -   - 总交易日数: 1253
2026-03-04 17:24:47,905 - DataFetcher_jy - INFO -   - 平均日收益率: 0.0163%
2026-03-04 17:24:47,906 - DataFetcher_jy - INFO -   - 累计收益率: 11.99%
2026-03-04 17:24:47,907 - DataFetcher_jy - INFO - 尝试获取基金数据: 512510
2026-03-04 17:24:48,084 - DataFetcher_jy - INFO - 基金 512510 行情数据已保存到 ./data/realtime_data\fund_512510_return.csv
2026-03-04 17:24:48,084 - DataFetcher_jy - INFO - 尝试获取基金数据: 515180
2026-03-04 17:24:48,172 - DataFetcher_jy - INFO - 基金 515180 行情数据已保存到 ./data/realtime_data\fund_515180_return.csv
2026-03-04 17:24:48,389 - DataFetcher_jy - INFO - 已成功合并 5 个文件，保存至: ./data/realtime_data\merged_index_fund_returns.csv
2026-03-04 17:24:48,390 - DataFetcher_jy - INFO - 合并后数据形状: (1253, 65)
2026-03-04 17:24:48,434 - DataFetcher_jy - INFO - 数据库连接已成功关闭
2026-03-05 17:27:01,019 - DataFetcher_jy - INFO - 数据库连接成功
2026-03-05 17:27:01,020 - DataFetcher_jy - INFO - 开始获取指数 000905.SH, 000985, 000922.SH, 512510, 515180 的权重数据和指数收益率...
2026-03-05 17:27:01,503 - DataFetcher_jy - INFO - 执行权重数据查询: 
                SELECT 
                    w.IndexCode,
                    w.EndDate,
                    w.InnerCode,
                    w.Weight,
                    w.UpdateTime
                FROM 
                    juyuandb.LC_IndexComponentsWeight w
                WHERE 
                    w.IndexCode IN (%s,%s,%s)
             AND w.EndDate >= %s AND w.EndDate <= %s
2026-03-05 17:27:06,258 - DataFetcher_jy - INFO - 查询到 321997 条权重记录
2026-03-05 17:27:06,704 - DataFetcher_jy - INFO - 成功获取交易日历数据，共 1458 个交易日
2026-03-05 17:27:06,706 - DataFetcher_jy - INFO - 执行指数行情查询: 
                SELECT 
                    q.ID,
                    q.InnerCode,
                    q.TradingDay,
                    q.PrevClosePrice,
                    q.OpenPrice,
                    q.HighPrice,
                    q.LowPrice,
                    q.ClosePrice,
                    q.TurnoverVolume,
                    q.TurnoverValue,
                    q.TurnoverDeals,
                    q.ChangePCT,
                    q.NegotiableMV,
                    q.XGRQ,
                    q.JSID
                FROM 
                    juyuandb.QT_IndexQuote q
                WHERE 
                    q.InnerCode IN (%s,%s,%s)
             AND q.TradingDay >= %s AND q.TradingDay <= %s
2026-03-05 17:27:17,514 - DataFetcher_jy - INFO - 查询到 3762 条指数行情记录
2026-03-05 17:27:17,581 - DataFetcher_jy - ERROR - 保存指数 000905.SH 权重数据失败: `Import pytables` failed.  Use pip or conda to install the pytables package.
2026-03-05 17:27:17,599 - DataFetcher_jy - INFO - 指数 000905.SH 收益率数据已保存到 ./data/realtime_data\idx_000905_SH_return.csv (key: idx_000905_SH)
2026-03-05 17:27:17,599 - DataFetcher_jy - INFO - 
指数 000905.SH 行情统计信息:
2026-03-05 17:27:17,600 - DataFetcher_jy - INFO -   - 数据日期范围: 2020-12-28 00:00:00 至 2026-03-05 00:00:00
2026-03-05 17:27:17,600 - DataFetcher_jy - INFO -   - 总交易日数: 1254
2026-03-05 17:27:17,601 - DataFetcher_jy - INFO -   - 平均日收益率: 0.0309%
2026-03-05 17:27:17,601 - DataFetcher_jy - INFO -   - 累计收益率: 32.34%
2026-03-05 17:27:17,611 - DataFetcher_jy - ERROR - 保存指数 000922.SH 权重数据失败: `Import pytables` failed.  Use pip or conda to install the pytables package.
2026-03-05 17:27:17,624 - DataFetcher_jy - INFO - 指数 000922.SH 收益率数据已保存到 ./data/realtime_data\idx_000922_SH_return.csv (key: idx_000922_SH)
2026-03-05 17:27:17,624 - DataFetcher_jy - INFO - 
指数 000922.SH 行情统计信息:
2026-03-05 17:27:17,625 - DataFetcher_jy - INFO -   - 数据日期范围: 2020-12-28 00:00:00 至 2026-03-05 00:00:00
2026-03-05 17:27:17,625 - DataFetcher_jy - INFO -   - 总交易日数: 1254
2026-03-05 17:27:17,626 - DataFetcher_jy - INFO -   - 平均日收益率: 0.0242%
2026-03-05 17:27:17,626 - DataFetcher_jy - INFO -   - 累计收益率: 26.81%
2026-03-05 17:27:17,741 - DataFetcher_jy - ERROR - 保存指数 000985 权重数据失败: `Import pytables` failed.  Use pip or conda to install the pytables package.
2026-03-05 17:27:17,754 - DataFetcher_jy - INFO - 指数 000985 收益率数据已保存到 ./data/realtime_data\idx_000985_return.csv (key: idx_000985)
2026-03-05 17:27:17,754 - DataFetcher_jy - INFO - 
指数 000985 行情统计信息:
2026-03-05 17:27:17,755 - DataFetcher_jy - INFO -   - 数据日期范围: 2020-12-28 00:00:00 至 2026-03-05 00:00:00
2026-03-05 17:27:17,755 - DataFetcher_jy - INFO -   - 总交易日数: 1254
2026-03-05 17:27:17,755 - DataFetcher_jy - INFO -   - 平均日收益率: 0.0172%
2026-03-05 17:27:17,756 - DataFetcher_jy - INFO -   - 累计收益率: 13.18%
2026-03-05 17:27:17,756 - DataFetcher_jy - INFO - 尝试获取基金数据: 512510
2026-03-05 17:27:18,011 - DataFetcher_jy - INFO - 基金 512510 行情数据已保存到 ./data/realtime_data\fund_512510_return.csv
2026-03-05 17:27:18,012 - DataFetcher_jy - INFO - 尝试获取基金数据: 515180
2026-03-05 17:27:18,101 - DataFetcher_jy - INFO - 基金 515180 行情数据已保存到 ./data/realtime_data\fund_515180_return.csv
2026-03-05 17:27:18,380 - DataFetcher_jy - INFO - 已成功合并 5 个文件，保存至: ./data/realtime_data\merged_index_fund_returns.csv
2026-03-05 17:27:18,381 - DataFetcher_jy - INFO - 合并后数据形状: (1254, 65)
2026-03-05 17:27:18,436 - DataFetcher_jy - INFO - 数据库连接已成功关闭
2026-03-06 17:06:00,887 - DataFetcher_jy - INFO - 数据库连接成功
2026-03-06 17:06:00,888 - DataFetcher_jy - INFO - 开始获取指数 000905.SH, 000985, 000922.SH, 512510, 515180 的权重数据和指数收益率...
2026-03-06 17:06:01,205 - DataFetcher_jy - INFO - 执行权重数据查询: 
                SELECT 
                    w.IndexCode,
                    w.EndDate,
                    w.InnerCode,
                    w.Weight,
                    w.UpdateTime
                FROM 
                    juyuandb.LC_IndexComponentsWeight w
                WHERE 
                    w.IndexCode IN (%s,%s,%s)
             AND w.EndDate >= %s AND w.EndDate <= %s
2026-03-06 17:06:05,681 - DataFetcher_jy - INFO - 查询到 321997 条权重记录
2026-03-06 17:06:06,069 - DataFetcher_jy - INFO - 成功获取交易日历数据，共 1458 个交易日
2026-03-06 17:06:06,071 - DataFetcher_jy - INFO - 执行指数行情查询: 
                SELECT 
                    q.ID,
                    q.InnerCode,
                    q.TradingDay,
                    q.PrevClosePrice,
                    q.OpenPrice,
                    q.HighPrice,
                    q.LowPrice,
                    q.ClosePrice,
                    q.TurnoverVolume,
                    q.TurnoverValue,
                    q.TurnoverDeals,
                    q.ChangePCT,
                    q.NegotiableMV,
                    q.XGRQ,
                    q.JSID
                FROM 
                    juyuandb.QT_IndexQuote q
                WHERE 
                    q.InnerCode IN (%s,%s,%s)
             AND q.TradingDay >= %s AND q.TradingDay <= %s
2026-03-06 17:06:16,492 - DataFetcher_jy - INFO - 查询到 3765 条指数行情记录
2026-03-06 17:06:16,518 - DataFetcher_jy - ERROR - 保存指数 000905.SH 权重数据失败: `Import pytables` failed.  Use pip or conda to install the pytables package.
2026-03-06 17:06:16,531 - DataFetcher_jy - INFO - 指数 000905.SH 收益率数据已保存到 ./data/realtime_data\idx_000905_SH_return.csv (key: idx_000905_SH)
2026-03-06 17:06:16,532 - DataFetcher_jy - INFO - 
指数 000905.SH 行情统计信息:
2026-03-06 17:06:16,532 - DataFetcher_jy - INFO -   - 数据日期范围: 2020-12-28 00:00:00 至 2026-03-06 00:00:00
2026-03-06 17:06:16,533 - DataFetcher_jy - INFO -   - 总交易日数: 1255
2026-03-06 17:06:16,533 - DataFetcher_jy - INFO -   - 平均日收益率: 0.0314%
2026-03-06 17:06:16,534 - DataFetcher_jy - INFO -   - 累计收益率: 33.16%
2026-03-06 17:06:16,541 - DataFetcher_jy - ERROR - 保存指数 000922.SH 权重数据失败: `Import pytables` failed.  Use pip or conda to install the pytables package.
2026-03-06 17:06:16,556 - DataFetcher_jy - INFO - 指数 000922.SH 收益率数据已保存到 ./data/realtime_data\idx_000922_SH_return.csv (key: idx_000922_SH)
2026-03-06 17:06:16,556 - DataFetcher_jy - INFO - 
指数 000922.SH 行情统计信息:
2026-03-06 17:06:16,557 - DataFetcher_jy - INFO -   - 数据日期范围: 2020-12-28 00:00:00 至 2026-03-06 00:00:00
2026-03-06 17:06:16,557 - DataFetcher_jy - INFO -   - 总交易日数: 1255
2026-03-06 17:06:16,558 - DataFetcher_jy - INFO -   - 平均日收益率: 0.0243%
2026-03-06 17:06:16,558 - DataFetcher_jy - INFO -   - 累计收益率: 27.05%
2026-03-06 17:06:16,675 - DataFetcher_jy - ERROR - 保存指数 000985 权重数据失败: `Import pytables` failed.  Use pip or conda to install the pytables package.
2026-03-06 17:06:16,688 - DataFetcher_jy - INFO - 指数 000985 收益率数据已保存到 ./data/realtime_data\idx_000985_return.csv (key: idx_000985)
2026-03-06 17:06:16,688 - DataFetcher_jy - INFO - 
指数 000985 行情统计信息:
2026-03-06 17:06:16,689 - DataFetcher_jy - INFO -   - 数据日期范围: 2020-12-28 00:00:00 至 2026-03-06 00:00:00
2026-03-06 17:06:16,689 - DataFetcher_jy - INFO -   - 总交易日数: 1255
2026-03-06 17:06:16,690 - DataFetcher_jy - INFO -   - 平均日收益率: 0.0177%
2026-03-06 17:06:16,690 - DataFetcher_jy - INFO -   - 累计收益率: 13.98%
2026-03-06 17:06:16,691 - DataFetcher_jy - INFO - 尝试获取基金数据: 512510
2026-03-06 17:06:17,264 - DataFetcher_jy - INFO - 基金 512510 行情数据已保存到 ./data/realtime_data\fund_512510_return.csv
2026-03-06 17:06:17,265 - DataFetcher_jy - INFO - 尝试获取基金数据: 515180
2026-03-06 17:06:17,353 - DataFetcher_jy - INFO - 基金 515180 行情数据已保存到 ./data/realtime_data\fund_515180_return.csv
2026-03-06 17:06:17,649 - DataFetcher_jy - INFO - 已成功合并 5 个文件，保存至: ./data/realtime_data\merged_index_fund_returns.csv
2026-03-06 17:06:17,649 - DataFetcher_jy - INFO - 合并后数据形状: (1255, 65)
2026-03-06 17:06:17,691 - DataFetcher_jy - INFO - 数据库连接已成功关闭
